event_id,ticker,company,dividend_per_share,currency,dividend_type,qualification_date,payment_date,closure_date,announcement_date,registrar,status,source_url,source_title,last_verified,confidence
a9375fe4d96b12a8,AFRIPRUD,Africa Prudential Plc,0.6,NGN,interim,2025-03-21,2025-03-31,,,,proposed,https://doclib.ngxgroup.com/Financial_NewsDocs/43305_AFRICA_PRUDENTIAL_PLC-CORPORATE_ACTION_ANNOUNCEMENT_CORPORATE_ACTIONS_MARCH_2025.pdf,AFRICA PRUDENTIAL PLC-CORPORATE ACTION ANNOUNCEMENT CORPORATE ACTIONS MARCH 2025,2026-09-13,high
5cae3206c2170793,UCAP,United Capital Plc,0.3,NGN,final,2025-03-14,2025-04-04,,2025-06-30,,proposed,https://doclib.ngxgroup.com/Financial_NewsDocs/43329_UNITED_CAPITAL_PLC-PROPOSED_DIVIDEND__CORPORATE_ACTIONS_MARCH_2025.pdf,UNITED CAPITAL PLC-PROPOSED DIVIDEND CORPORATE ACTIONS MARCH 2025,2026-09-13,high
e9dffab46450a0fd,CWG,CWG,0.39,NGN,final,2025-04-07,2025-04-11,,,,proposed,https://doclib.ngxgroup.com/Financial_NewsDocs/43368_CWG_PLC-CORPORATE_ANNOUNCEMENT_-_DIVIDEND_CORPORATE_ACTIONS_MARCH_2025.pdf,CWG PLC-CORPORATE ANNOUNCEMENT - DIVIDEND CORPORATE ACTIONS MARCH 2025,2026-09-13,high
770addefd0ffd1b2,UNILEVER,Unilever Nigeria Plc,0.0125,NGN,final,2025-04-25,2025-05-12,,2025-03-29,,proposed,https://doclib.ngxgroup.com/Financial_NewsDocs/43546_UNILEVER_NIGERIA_PLC.-UNILEVER_NIGERIA_PLC_DIVIDEND_ANNOUNCEMENT_CORPORATE_ACTIONS_MARCH_2025.pdf,UNILEVER NIGERIA PLC.-UNILEVER NIGERIA PLC DIVIDEND ANNOUNCEMENT CORPORATE ACTIONS MARCH 2025,2026-09-13,high
4b4c9fddc81d424f,STANBIC,Stanbic IBTC Holdings Plc,3.0,NGN,interim,2025-04-11,2025-05-16,,,,proposed,https://doclib.ngxgroup.com/Financial_NewsDocs/43496_STANBIC_IBTC__HOLDINGS_PLC-CORPORATE_ACTIONS_ANNOUNCEMENT_CORPORATE_ACTIONS_MARCH_2025.pdf,STANBIC IBTC HOLDINGS PLC-CORPORATE ACTIONS ANNOUNCEMENT CORPORATE ACTIONS MARCH 2025,2026-09-13,high
f6024dc9c2750dcb,NEM,NEM,0.015,NGN,final,2025-04-25,2025-05-20,,,,declared,https://doclib.ngxgroup.com/Financial_NewsDocs/43603_NEM_INSURANCE_PLC.-CORPORATE_ACTION_CORPORATE_ACTIONS_MARCH_2025.pdf,NEM INSURANCE PLC.-CORPORATE ACTION CORPORATE ACTIONS MARCH 2025,2026-09-13,high
cc6e724590f35af0,BERGER,Berger Plc,1.0,NGN,final,2025-04-24,2025-05-22,,,,proposed,https://doclib.ngxgroup.com/Financial_NewsDocs/43782_BERGER_PAINTS_NIGERIA_PLC-BERGER_PAINTS_NIG_PLC_CORPORATE_ACTION_ANNOUNCEMENT_CORPORATE_ACTIONS_APRIL_2025.pdf,BERGER PAINTS NIGERIA PLC-BERGER PAINTS NIG PLC CORPORATE ACTION ANNOUNCEMENT CORPORATE ACTIONS APRIL 2025,2026-09-13,high
81caa22a9b639967,IKEJAHOTEL,Ikeja Hotel Plc,0.03,NGN,interim,2025-05-09,2025-06-06,,,,proposed,https://doclib.ngxgroup.com/Financial_NewsDocs/43872_IKEJA_HOTEL_PLC-IKEJA_HOTEL_PLC_-_INTERIM_DIVIDEND_CORPORATE_ACTIONS_APRIL_2025.pdf,IKEJA HOTEL PLC-IKEJA HOTEL PLC - INTERIM DIVIDEND CORPORATE ACTIONS APRIL 2025,2026-09-13,high
ad559ce4407d3ab6,JBERGER,Julius Berger Nigeria Plc,0.0325,NGN,distribution,2025-05-30,2025-06-20,,,,declared,https://doclib.ngxgroup.com/Financial_NewsDocs/47485_JULIUS_BERGER_NIGERIA_PLC-JBN_2025_SUSTAINABILITY_REPORT_CORPORATE_ACTIONS_JULY_2026.pdf,JULIUS BERGER NIGERIA PLC-JBN 2025 SUSTAINABILITY REPORT CORPORATE ACTIONS JULY 2026,2026-09-13,high
3a136312107bdec9,BETAGLAS,Beta Glass Plc,2.95,NGN,dividend,2025-06-17,2025-06-26,,,,declared,https://doclib.ngxgroup.com/Financial_NewsDocs/44355_BETA_GLASS_PLC-BETA_GLASS_PLC_-_FY2024_AGM_RESOLUTIONS_CORPORATE_ACTIONS_JUNE_2025.pdf,BETA GLASS PLC-BETA GLASS PLC - FY2024 AGM RESOLUTIONS CORPORATE ACTIONS JUNE 2025,2026-09-13,high
e1823ddde58a92bb,UCAP,United Capital Plc,0.3,NGN,dividend,2025-08-08,2025-08-18,,2025-06-30,,proposed,https://doclib.ngxgroup.com/Financial_NewsDocs/44628_UNITED_CAPITAL_PLC-PROPOSED_INTERIM_DIVIDEND_CORPORATE_ACTIONS_JULY_2025.pdf,UNITED CAPITAL PLC-PROPOSED INTERIM DIVIDEND CORPORATE ACTIONS JULY 2025,2026-09-13,high
8551cf0c02146451,OKOMUOIL,Okomu Oil Palm Plc,30.0,NGN,interim,2025-08-08,2025-08-22,,,,proposed,https://doclib.ngxgroup.com/Financial_NewsDocs/44584_OKOMU_OIL_PALM_PLC.-CORPORATE_ACTION_ANNOUNCEMENT_CORPORATE_ACTIONS_JULY_2025.pdf,OKOMU OIL PALM PLC.-CORPORATE ACTION ANNOUNCEMENT CORPORATE ACTIONS JULY 2025,2026-09-13,high
bab3ed9d1b0005d6,UNILEVER,Unilever Nigeria Plc,0.0125,NGN,interim,2025-08-08,2025-08-22,,2025-07-28,,declared,https://doclib.ngxgroup.com/Financial_NewsDocs/44624_UNILEVER_NIGERIA_PLC.-UNILEVER_NIGERIA_PLC-_INTERIM_DIVIDEND_ANNOUNCEMENT_CORPORATE_ACTIONS_JULY_2025.pdf,UNILEVER NIGERIA PLC.-UNILEVER NIGERIA PLC- INTERIM DIVIDEND ANNOUNCEMENT CORPORATE ACTIONS JULY 2025,2026-09-13,high
8728a1870cb0192b,CUTIX,Cutix Plc,0.1,NGN,final,2025-08-15,2025-09-02,,2026-07-31,,declared,https://doclib.ngxgroup.com/Financial_NewsDocs/44739_CUTIX_PLC.-CORPORATE_ACTION_ANNOUNCEMENT_CORPORATE_ACTIONS_JULY_2025.pdf,CUTIX PLC.-CORPORATE ACTION ANNOUNCEMENT CORPORATE ACTIONS JULY 2025,2026-09-13,high
9a31af374e296408,UPDCREIT,UPDC Real Estate Investment Trust,0.22,NGN,interim,2025-08-29,2025-09-04,,,,proposed,https://doclib.ngxgroup.com/Financial_NewsDocs/44885__UPDC_REAL_ESTATE_INVESTMENT_TRUST-UPDC_REITS_DISTRIBUTION_PAYMENT_2025_-_INTERIM_CORPORATE_ACTIONS_AUGUST_2025.pdf,UPDC REAL ESTATE INVESTMENT TRUST-UPDC REITS DISTRIBUTION PAYMENT 2025 - INTERIM CORPORATE ACTIONS AUGUST 2025,2026-09-13,high
dfec25e0c98bb0ae,REDSTAREX,Red Star Express Plc,0.35,NGN,final,2025-09-02,2025-09-18,,2025-06-30,,proposed,https://doclib.ngxgroup.com/Financial_NewsDocs/44415_RED_STAR_EXPRESS_PLC-RED_STAR_EXPRESS_DIVIDEND_ANNOUNCEMENT_CORPORATE_ACTIONS_JULY_2025.pdf,RED STAR EXPRESS PLC-RED STAR EXPRESS DIVIDEND ANNOUNCEMENT CORPORATE ACTIONS JULY 2025,2026-09-13,high
8594f0018910f0e7,LEARNAFRCA,Learn Africa Plc,0.35,NGN,final,2025-09-12,2025-09-25,,,,proposed,https://doclib.ngxgroup.com/Financial_NewsDocs/44893_LEARN_AFRICA_PLC-CORPORATE_ACTION_ANNOUNCEMENT_CORPORATE_ACTIONS_AUGUST_2025.pdf,LEARN AFRICA PLC-CORPORATE ACTION ANNOUNCEMENT CORPORATE ACTIONS AUGUST 2025,2026-09-13,high
3ca2344c89a55057,STANBIC,Stanbic IBTC Holdings Plc,2.5,NGN,interim,2025-10-06,2025-10-21,,,,proposed,https://doclib.ngxgroup.com/Financial_NewsDocs/44993_STANBIC_IBTC__HOLDINGS_PLC-CORPORATE_ACTIONS_ANNOUNCEMENT_CORPORATE_ACTIONS_SEPTEMBER_2025.pdf,STANBIC IBTC HOLDINGS PLC-CORPORATE ACTIONS ANNOUNCEMENT CORPORATE ACTIONS SEPTEMBER 2025,2026-09-13,high
6573ae28f3f52872,NGXGROUP,Nigerian Exchange Group Plc,1.0,NGN,interim,2025-11-07,2025-11-18,,2025-11-07,,declared,https://doclib.ngxgroup.com/Financial_NewsDocs/45381_NIGERIAN_EXCHANGE_GROUP_PLC-NGX_GROUP_DECLARES_INTERIM_DIVIDEND_PAYMENT_CORPORATE_ACTIONS_OCTOBER_2025.pdf,NIGERIAN EXCHANGE GROUP PLC-NGX GROUP DECLARES INTERIM DIVIDEND PAYMENT CORPORATE ACTIONS OCTOBER 2025,2026-09-13,high
308baaa393bcd850,BERGER,Berger Plc,0.4,NGN,interim,2025-11-11,2025-11-19,,,,proposed,https://doclib.ngxgroup.com/Financial_NewsDocs/45327_BERGER_PAINTS_NIGERIA_PLC-BERGER_PAINTS_NIG_PLC_CORPORATE_ACTION_ANNOUNCEMENT_CORPORATE_ACTIONS_OCTOBER_2025.pdf,BERGER PAINTS NIGERIA PLC-BERGER PAINTS NIG PLC CORPORATE ACTION ANNOUNCEMENT CORPORATE ACTIONS OCTOBER 2025,2026-09-13,high
335f6751f73d43c7,PRESCO,Presco Plc,10.0,NGN,interim,2025-11-07,2025-11-21,,,,proposed,https://doclib.ngxgroup.com/Financial_NewsDocs/45188_PRESCO_PLC-CORPORATE_ACTION_ANNOUNCEMENT_-__CORPORATE_ACTIONS_OCTOBER_2025.pdf,PRESCO PLC-CORPORATE ACTION ANNOUNCEMENT - CORPORATE ACTIONS OCTOBER 2025,2026-09-13,high
784e88585cc0da54,ARADEL,Aradel Holdings Plc,10.0,NGN,interim,2025-11-21,2025-11-28,,2025-10-29,,declared,https://doclib.ngxgroup.com/Financial_NewsDocs/45319_ARADEL_HOLDINGS_PLC-INTERIM_DIVIDEND_ANNOUCEMENT__CORPORATE_ACTIONS_OCTOBER_2025.pdf,ARADEL HOLDINGS PLC-INTERIM DIVIDEND ANNOUCEMENT CORPORATE ACTIONS OCTOBER 2025,2026-09-13,high
95309c688be33890,MTNN,MTN Nigeria Communications Plc,5.0,NGN,interim,2025-11-20,2025-11-28,,,,proposed,https://doclib.ngxgroup.com/Financial_NewsDocs/45363_MTN_NIGERIA_COMMUNICATIONS_PLC-MTN_NIGERIA_INTERIM_DIVIDEND_CORPORATE_ACTIONS_OCTOBER_2025.pdf,MTN NIGERIA COMMUNICATIONS PLC-MTN NIGERIA INTERIM DIVIDEND CORPORATE ACTIONS OCTOBER 2025,2026-09-13,high
4486a75b7c63ea53,CONOIL,Conoil Plc,0.035,NGN,final,2025-11-21,2025-12-23,,,,declared,https://doclib.ngxgroup.com/Financial_NewsDocs/45451_CONOIL_PLC-CONOIL_PLC_55TH_AGM_NOTICE_ANNOUNCEMENT_CORPORATE_ACTIONS_NOVEMBER_2025.pdf,CONOIL PLC-CONOIL PLC 55TH AGM NOTICE ANNOUNCEMENT CORPORATE ACTIONS NOVEMBER 2025,2026-09-13,high
211eceb25979aee6,CWG,CWG,0.7,NGN,final,2026-04-07,2026-04-17,,,,proposed,https://doclib.ngxgroup.com/Financial_NewsDocs/46322_CWG_PLC-DIVIDEND_DECLARATION_CORPORATE_ACTIONS_MARCH_2026.pdf,CWG PLC-DIVIDEND DECLARATION CORPORATE ACTIONS MARCH 2026,2026-09-13,high
a4b3e0dbfdbf91e2,GUINNESS,Guinness Nigeria Plc,2.0,NGN,interim,2026-04-20,2026-04-24,,,,proposed,https://doclib.ngxgroup.com/Financial_NewsDocs/46655_GUINNESS_NIG_PLC-GUINNESS_NIGERIA_PLC._-_INTERIM_DIVIDEND_ANNOUNCEMENT_CORPORATE_ACTIONS_APRIL_2026.pdf,GUINNESS NIG PLC-GUINNESS NIGERIA PLC. - INTERIM DIVIDEND ANNOUNCEMENT CORPORATE ACTIONS APRIL 2026,2026-09-13,high
58b315eb1f734e9b,UCAP,United Capital Plc,1.0,NGN,interim,2026-04-07,2026-04-24,,,,declared,https://doclib.ngxgroup.com/Financial_NewsDocs/46771_UNITED_CAPITAL_PLC-UNITED_CAPITAL_PLC_-_2026_AGM_RESOLUTIONS__CORPORATE_ACTIONS_APRIL_2026.pdf,UNITED CAPITAL PLC-UNITED CAPITAL PLC - 2026 AGM RESOLUTIONS CORPORATE ACTIONS APRIL 2026,2026-09-13,high
e3c91b726df8bbc5,NASCON,NASCON Allied Industries Plc,6.0,NGN,distribution,2026-04-01,2026-04-28,,2026-07-28,,declared,https://doclib.ngxgroup.com/Financial_NewsDocs/47598_NASCON_ALLIED_INDUSTRIES_PLC-NASCON_H1_2026_RESULT_STATEMENT_CORPORATE_ACTIONS_JULY_2026.pdf,NASCON ALLIED INDUSTRIES PLC-NASCON H1 2026 RESULT STATEMENT CORPORATE ACTIONS JULY 2026,2026-09-08,high
59762a19c3fcdc9f,NGXGROUP,Nigerian Exchange Group Plc,2.0,NGN,dividend,2026-04-10,2026-04-29,2026-04-13,,,proposed,https://doclib.ngxgroup.com/Financial_NewsDocs/46143_NIGERIAN_EXCHANGE_GROUP_PLC-DIVIDEND_ANNOUNCEMENT_CORPORATE_ACTIONS_MARCH_2026.pdf,NIGERIAN EXCHANGE GROUP PLC-DIVIDEND ANNOUNCEMENT CORPORATE ACTIONS MARCH 2026,2026-09-13,high
26bec0b503649cb4,GEREGU,Geregu Plc,9.0,NGN,final,2026-04-13,2026-04-30,,,,declared,https://doclib.ngxgroup.com/Financial_NewsDocs/45760_GEREGU_POWER_PLC-DIVIDEND_ANNOUNCEMENT_CORPORATE_ACTIONS_JANUARY_2026.pdf,GEREGU POWER PLC-DIVIDEND ANNOUNCEMENT CORPORATE ACTIONS JANUARY 2026,2026-09-13,high
f40306b77216d1db,WAPCO,Lafarge Africa Plc,6.0,NGN,final,2026-04-03,2026-04-30,,,,declared,https://doclib.ngxgroup.com/Financial_NewsDocs/46954_LAFARGE_AFRICA_PLC.-LAFARGE_AFRICA_PLC_-_2026_AGM_RESOLUTION_CORPORATE_ACTIONS_MAY_2026.pdf,LAFARGE AFRICA PLC.-LAFARGE AFRICA PLC - 2026 AGM RESOLUTION CORPORATE ACTIONS MAY 2026,2026-09-13,high
500821e4a3ef4dab,NIDF,Nigeria Infrastructure Debt Fund,4.53,NGN,distribution,2026-04-28,2026-05-06,2026-04-29,,,declared,https://doclib.ngxgroup.com/Financial_NewsDocs/NIDF_Q1_2026_Distribution_Announcement.pdf,NIDF Q1 2026 Distribution Announcement,2026-09-13,high
e4c1ad19656cafb8,UNILEVER,Unilever Nigeria Plc,3.25,NGN,final,2026-04-10,2026-05-08,,2026-03-23,,proposed,https://doclib.ngxgroup.com/Financial_NewsDocs/46307_UNILEVER_NIGERIA_PLC.-UNILEVER_NIGERIA_PLC_-_DIVIDEND_ANNOUNCEMENT_CORPORATE_ACTIONS_MARCH_2026.pdf,UNILEVER NIGERIA PLC.-UNILEVER NIGERIA PLC - DIVIDEND ANNOUNCEMENT CORPORATE ACTIONS MARCH 2026,2026-09-13,high
01bfd9389380727c,ETERNA,Eterna Plc,0.5,NGN,dividend,2026-04-13,2026-05-12,,,,declared,https://doclib.ngxgroup.com/Financial_NewsDocs/46590_ETERNA_PLC.-ETERNA_PLC_DIVIDEND_ANNOUNCEMENT_CORPORATE_ACTIONS_APRIL_2026.pdf,ETERNA PLC.-ETERNA PLC DIVIDEND ANNOUNCEMENT CORPORATE ACTIONS APRIL 2026,2026-09-14,high
c8d0910f4a6d201b,NEM,NEM,0.015,NGN,final,2026-04-14,2026-05-14,,,,declared,https://doclib.ngxgroup.com/Financial_NewsDocs/46545_NEM_INSURANCE_PLC.-CORPORATE_ACTION_CORPORATE_ACTIONS_APRIL_2026.pdf,NEM INSURANCE PLC.-CORPORATE ACTION CORPORATE ACTIONS APRIL 2026,2026-09-13,high
67bd9831baa3f675,WEMABANK,Wema Bank Plc,1.25,NGN,final,2026-04-22,2026-05-20,,,,proposed,https://doclib.ngxgroup.com/Financial_NewsDocs/46712_WEMA_BANK_PLC.-DIVIDEND_ANNOUNCEMENT_CORPORATE_ACTIONS_APRIL_2026.pdf,WEMA BANK PLC.-DIVIDEND ANNOUNCEMENT CORPORATE ACTIONS APRIL 2026,2026-09-13,high
791faa4818c77f41,BERGER,Berger Plc,1.25,NGN,final,2026-04-23,2026-05-21,,,,proposed,https://doclib.ngxgroup.com/Financial_NewsDocs/46469_BERGER_PAINTS_NIGERIA_PLC-BERGER_PAINTS_NIG_PLC_CORPORATE_ACTION_ANNOUNCEMENT_CORPORATE_ACTIONS_APRIL_2026.pdf,BERGER PAINTS NIGERIA PLC-BERGER PAINTS NIG PLC CORPORATE ACTION ANNOUNCEMENT CORPORATE ACTIONS APRIL 2026,2026-09-14,high
d236fb1d95c1edb7,VFDGROUP,VFD Group Plc,0.25,NGN,final,2026-05-04,2026-05-25,,,,declared,https://doclib.ngxgroup.com/Financial_NewsDocs/46553_VFD_GROUP_PLC-CORPORATE_ACTION_CORPORATE_ACTIONS_APRIL_2026.pdf,VFD GROUP PLC-CORPORATE ACTION CORPORATE ACTIONS APRIL 2026,2026-09-13,high
d007f80de3f5440f,OKOMUOIL,Okomu Oil Palm Plc,15.0,NGN,final,2026-04-27,2026-05-26,,,,declared,https://doclib.ngxgroup.com/Financial_NewsDocs/46788_OKOMU_OIL_PALM_PLC.-_NOTICES_OF_ANNUAL_GENERAL_MEETING_(AGM)_-__ANNUAL_GENERAL_MEETING_(AGM)_APRIL_2026.pdf,OKOMU OIL PALM PLC.- NOTICES OF ANNUAL GENERAL MEETING (AGM) - ANNUAL GENERAL MEETING (AGM) APRIL 2026,2026-09-08,high
0029978d9a9aeffb,STANBIC,Stanbic IBTC Holdings Plc,4.0,NGN,interim,2026-05-04,2026-05-26,,,,proposed,https://doclib.ngxgroup.com/Financial_NewsDocs/46695_STANBIC_IBTC__HOLDINGS_PLC-CORPORATE_ACTIONS_ANNOUNCEMENT_CORPORATE_ACTIONS_APRIL_2026.pdf,STANBIC IBTC HOLDINGS PLC-CORPORATE ACTIONS ANNOUNCEMENT CORPORATE ACTIONS APRIL 2026,2026-09-14,high
cca9e79f4688bb02,AIICO,AIICO Insurance Plc,0.12,NGN,dividend,2026-05-27,2026-06-05,,2026-06-08,,declared,https://doclib.ngxgroup.com/Financial_NewsDocs/47139_AIICO_INSURANCE_PLC.-RESOLUTIONS_OF_56TH_AGM__CORPORATE_ACTIONS_JUNE_2026.pdf,AIICO INSURANCE PLC.-RESOLUTIONS OF 56TH AGM CORPORATE ACTIONS JUNE 2026,2026-09-08,high
96f180a016c70431,BETAGLAS,Beta Glass Plc,0.07200000000000001,NGN,dividend,2026-06-03,2026-06-25,,,,declared,https://doclib.ngxgroup.com/Financial_NewsDocs/46998_BETA_GLASS_PLC-BETA_GLASS_PLC_-_NOTICE_OF_52ND_ANNUAL_GENERAL_MEETING_CORPORATE_ACTIONS_MAY_2026.pdf,BETA GLASS PLC-BETA GLASS PLC - NOTICE OF 52ND ANNUAL GENERAL MEETING CORPORATE ACTIONS MAY 2026,2026-09-13,medium
f1d133a13203e1a3,BETAGLAS,Beta Glass Plc,7.2,NGN,final,2026-06-03,2026-06-25,,,,proposed,https://doclib.ngxgroup.com/Financial_NewsDocs/46566_BETA_GLASS_PLC-BETA_GLASS_PLC_-_CORPORATE_ACTION_ON_DIVIDEND_ANNOUNCEMENT_CORPORATE_ACTIONS_APRIL_2026.pdf,BETA GLASS PLC-BETA GLASS PLC - CORPORATE ACTION ON DIVIDEND ANNOUNCEMENT CORPORATE ACTIONS APRIL 2026,2026-09-13,high
1c409546d0d156b9,CAP,Chemical and Allied Products Plc,4.0,NGN,dividend,2026-06-03,2026-06-25,,2026-06-24,,declared,https://doclib.ngxgroup.com/Financial_NewsDocs/47247_CHEMICAL_AND_ALLIED_PRODUCTS_PLC-RESOLUTIONS_FROM_61ST_ANNUAL_GENERAL_MEETING_CORPORATE_ACTIONS_JUNE_2026.pdf,CHEMICAL AND ALLIED PRODUCTS PLC-RESOLUTIONS FROM 61ST ANNUAL GENERAL MEETING CORPORATE ACTIONS JUNE 2026,2026-09-08,high
1a818cbf070ad675,UACN,UAC of Nigeria Plc,1.0,NGN,dividend,2026-06-11,2026-06-26,,,,declared,https://doclib.ngxgroup.com/Financial_NewsDocs/46414_UAC__OF_NIGERIA_PLC.-CORPORATE_ACTION_ANNOUNCEMENT_CORPORATE_ACTIONS_MARCH_2026.pdf,UAC OF NIGERIA PLC.-CORPORATE ACTION ANNOUNCEMENT CORPORATE ACTIONS MARCH 2026,2026-09-13,high
15364cd9e7c0d6a1,DANGCEM,Dangote Cement Plc,45.0,NGN,dividend,2026-06-17,2026-07-02,,2026-07-29,,declared,https://doclib.ngxgroup.com/Financial_NewsDocs/47379_DANGOTE_CEMENT_PLC-OUTCOME_OF_THE_17TH_AGM_CORPORATE_ACTIONS_JULY_2026.pdf,DANGOTE CEMENT PLC-OUTCOME OF THE 17TH AGM CORPORATE ACTIONS JULY 2026,2026-09-08,high
024def63774fec0d,ARADEL,Aradel Holdings Plc,23.0,NGN,final,2026-06-19,2026-07-09,,2026-07-30,,declared,https://doclib.ngxgroup.com/Financial_NewsDocs/47220_ARADEL_HOLDINGS_PLC-CORPORATE_ACTION_ANNOUNCEMENT___CORPORATE_ACTIONS_JUNE_2026.pdf,ARADEL HOLDINGS PLC-CORPORATE ACTION ANNOUNCEMENT CORPORATE ACTIONS JUNE 2026,2026-09-13,high
9badb5910fdfa7e0,CHAMS,Chams Plc,0.03,NGN,final,2026-06-18,2026-07-10,,,,declared,https://doclib.ngxgroup.com/Financial_NewsDocs/46623_CHAMS_HOLDING_COMPANY_PLC-DECLARATION_OF_DIVIDEND_CORPORATE_ACTIONS_APRIL_2026.pdf,CHAMS HOLDING COMPANY PLC-DECLARATION OF DIVIDEND CORPORATE ACTIONS APRIL 2026,2026-09-13,high
02085998b5aa1c5b,BUAFOODS,BUA Foods Plc,28.0,NGN,final,2026-06-04,2026-07-15,,,,proposed,https://doclib.ngxgroup.com/Financial_NewsDocs/46424_BUA_FOODS_PLC-DIVIDEND_ANNOUNCEMENT_CORPORATE_ACTIONS_MARCH_2026.pdf,BUA FOODS PLC-DIVIDEND ANNOUNCEMENT CORPORATE ACTIONS MARCH 2026,2026-09-14,high
97b2ef0b95c3ce9f,BUAFOODS,BUA Foods Plc,13.0,NGN,final,2026-06-04,2026-07-15,,,,declared,https://doclib.ngxgroup.com/Financial_NewsDocs/44108_BUA_FOODS_PLC-CORPORATE_ANNOUNCEMENT_(DIVIDEND_PAYMENT)_UPDATE_CORPORATE_ACTIONS_MAY_2025.pdf,BUA FOODS PLC-CORPORATE ANNOUNCEMENT (DIVIDEND PAYMENT) UPDATE CORPORATE ACTIONS MAY 2025,2026-09-13,high
0aa0091b907afa02,AFRIPRUD,Africa Prudential Plc,0.1,NGN,interim,2025-08-08,2026-07-20,,,,proposed,https://doclib.ngxgroup.com/Financial_NewsDocs/44644_AFRICA_PRUDENTIAL_PLC-CORPORATE_ACTIONS_ANNOUNCEMENT_CORPORATE_ACTIONS_JULY_2025.pdf,AFRICA PRUDENTIAL PLC-CORPORATE ACTIONS ANNOUNCEMENT CORPORATE ACTIONS JULY 2025,2026-09-13,high
bb718038acef8db3,NIDF,Nigeria Infrastructure Debt Fund,4.4,NGN,distribution,2026-07-17,2026-07-27,2026-07-20,,,declared,https://doclib.ngxgroup.com/Financial_NewsDocs/NIDF_Q2_2026_Distribution_Announcement.pdf,NIDF Q2 2026 Distribution Announcement,2026-09-05,high
75ea68959925d669,UCAP,United Capital Plc,0.3,NGN,interim,2026-07-13,2026-07-27,,,,declared,https://doclib.ngxgroup.com/Financial_NewsDocs/47557_UNITED_CAPITAL_PLC-INTERIM_DIVIDEND_ANNOUNCEMENT_CORPORATE_ACTIONS_JULY_2026.pdf,UNITED CAPITAL PLC-INTERIM DIVIDEND ANNOUNCEMENT CORPORATE ACTIONS JULY 2026,2026-09-08,high
6cb8818a4f94294f,CNIF,Coronation Infrastructure DEBT FUND,8.985,NGN,distribution,2026-07-22,2026-07-28,2026-07-23,2026-07-28,,declared,https://doclib.ngxgroup.com/Financial_NewsDocs/CORONATION_INFRASTRUCTURE_FUND_-_H1_2026_Distribution_Announcement.pdf,CORONATION INFRASTRUCTURE FUND - H1 2026 Distribution Announcement,2026-09-13,high
950473698dfe98eb,NGXGROUP,Nigerian Exchange Group Plc,0.3,NGN,interim,2026-07-29,2026-08-05,2026-07-30,,,proposed,https://doclib.ngxgroup.com/Financial_NewsDocs/47549_NIGERIAN_EXCHANGE_GROUP_PLC-INTERIM_DIVIDEND_ANNOUNCEMENT_CORPORATE_ACTIONS_JULY_2026.pdf,NIGERIAN EXCHANGE GROUP PLC-INTERIM DIVIDEND ANNOUNCEMENT CORPORATE ACTIONS JULY 2026,2026-09-05,high
31f1968d84473178,MCNICHOLS,Mcnichols Plc,0.06,NGN,final,2026-06-29,2026-08-06,,,,proposed,https://doclib.ngxgroup.com/Financial_NewsDocs/46603_MCNICHOLS_CONSOLIDATED_PLC-PAYMENT_OF_DIVIDEND_CORPORATE_ACTIONS_APRIL_2026.pdf,MCNICHOLS CONSOLIDATED PLC-PAYMENT OF DIVIDEND CORPORATE ACTIONS APRIL 2026,2026-09-13,high
5ad8a70f2d4d4e44,SIAML40ETF,Siaml Pension ETF 40,8.28,NGN,interim,2026-08-03,2026-08-06,,,,proposed,https://doclib.ngxgroup.com/Financial_NewsDocs/SIAML_Pension_ETF_40_Dividend_Announcement_.pdf,SIAML Pension ETF 40 Dividend Announcement,2026-09-05,high
2f6f8ef2a4064965,STANBICETF30,Stanbic IBTC ETF 30,3.07,NGN,interim,2026-08-03,2026-08-06,,,,proposed,https://doclib.ngxgroup.com/Financial_NewsDocs/Stanbic_IBTC_ETF_30_Dividend_Announcement.pdf,Stanbic IBTC ETF 30 Dividend Announcement,2026-09-05,high
4608166174528bb5,GUINNESS,Guinness Nigeria Plc,7.0,NGN,interim,2026-07-29,2026-08-10,,,,proposed,https://doclib.ngxgroup.com/Financial_NewsDocs/47520_GUINNESS_NIG_PLC-GUINNESS_NIGERIA_PLC_-_INTERIM_DIVIDEND_ANNOUNCEMENT_CORPORATE_ACTIONS_JULY_2026.pdf,GUINNESS NIG PLC-GUINNESS NIGERIA PLC - INTERIM DIVIDEND ANNOUNCEMENT CORPORATE ACTIONS JULY 2026,2026-09-05,high
2d57241d247f1cfb,VFDGROUP,VFD Group Plc,0.24,NGN,interim,2026-08-03,2026-08-10,,,,declared,https://doclib.ngxgroup.com/Financial_NewsDocs/47740_VFD_GROUP_PLC-CORPORATE_ACTIONS_ANNOUNCEMENT_CORPORATE_ACTIONS_JULY_2026.pdf,VFD GROUP PLC-CORPORATE ACTIONS ANNOUNCEMENT CORPORATE ACTIONS JULY 2026,2026-09-05,high
ccfbeddf73c7d6df,SEPLAT,Seplat Energy Plc,0.07,NGN,interim+special,2026-07-30,2026-08-13,,2026-07-30,,declared,https://doclib.ngxgroup.com/Financial_NewsDocs/47125_SEPLAT_ENERGY_PLC-ANNOUNCEMENT_ON_CURRENCY_EXCHANGE_RATE_FOR_Q1_2026_DIVIDEND_CORPORATE_ACTIONS_JUNE_2026.pdf,SEPLAT ENERGY PLC-ANNOUNCEMENT ON CURRENCY EXCHANGE RATE FOR Q1 2026 DIVIDEND CORPORATE ACTIONS JUNE 2026,2026-09-05,high
4fe3c386a227a29d,IKEJAHOTEL,Ikeja Hotel Plc,0.15,NGN,dividend,2026-07-20,2026-08-14,,2026-07-22,,declared,https://doclib.ngxgroup.com/Financial_NewsDocs/47543_IKEJA_HOTEL_PLC-IKEJA_HOTEL_PLC_-_AGM_RESOLUTIONS_CORPORATE_ACTIONS_JULY_2026.pdf,IKEJA HOTEL PLC-IKEJA HOTEL PLC - AGM RESOLUTIONS CORPORATE ACTIONS JULY 2026,2026-09-08,high
5de5a88ca577c5c5,MBENEFIT,Mutual Benefits Assurance Plc,0.04,NGN,final,2026-07-21,2026-08-14,,,,declared,https://doclib.ngxgroup.com/Financial_NewsDocs/47099_MUTUAL_BENEFITS_ASSURANCE_PLC.-CORPORATE_DISCLOSURE_CORPORATE_ACTIONS_JUNE_2026.pdf,MUTUAL BENEFITS ASSURANCE PLC.-CORPORATE DISCLOSURE CORPORATE ACTIONS JUNE 2026,2026-09-08,high
7c9ccbe17a661e98,TRANSCOHOT,Transcorp Hotels Plc,0.1,NGN,interim,2026-07-21,2026-08-14,,,,declared,https://doclib.ngxgroup.com/Financial_NewsDocs/45916_TRANSCORP_HOTELS_PLC-TRANSCORP_HOTELS_PLC_-_CORPORATE_ACTION_ANNOUNCEMENTS_CORPORATE_ACTIONS_JANUARY_2026.pdf,TRANSCORP HOTELS PLC-TRANSCORP HOTELS PLC - CORPORATE ACTION ANNOUNCEMENTS CORPORATE ACTIONS JANUARY 2026,2026-09-13,high
5a32268064ef8f2a,UNILEVER,Unilever Nigeria Plc,0.02,NGN,interim,2026-07-31,2026-08-14,,2026-07-21,,proposed,https://doclib.ngxgroup.com/Financial_NewsDocs/47501_UNILEVER_NIGERIA_PLC.-UNILEVER_NIGERIA_PLC_-_INTERIM_DIVIDEND_ANNOUNCEMENT_CORPORATE_ACTIONS_JULY_2026.pdf,UNILEVER NIGERIA PLC.-UNILEVER NIGERIA PLC - INTERIM DIVIDEND ANNOUNCEMENT CORPORATE ACTIONS JULY 2026,2026-09-05,high
4268ce12e9be89c3,PRESCO,Presco Plc,10.0,NGN,interim,2026-08-14,2026-08-27,,2026-06-30,,declared,https://doclib.ngxgroup.com/Financial_NewsDocs/47601_PRESCO_PLC-_QUARTER_2_-_FINANCIAL_STATEMENT_FOR_2026_FINANCIAL_STATEMENTS_JULY_2026.pdf,PRESCO PLC- QUARTER 2 - FINANCIAL STATEMENT FOR 2026 FINANCIAL STATEMENTS JULY 2026,2026-09-08,high
73d376006569376f,TIP,The Initiates Plc,0.2,NGN,interim,2026-08-10,2026-08-31,,,,proposed,https://doclib.ngxgroup.com/Financial_NewsDocs/47709_THE_INITIATES_PLC-INTERIM_DIVIDEND_OF_THE_INITIATES_PLC_CORPORATE_ACTIONS_JULY_2026.pdf,THE INITIATES PLC-INTERIM DIVIDEND OF THE INITIATES PLC CORPORATE ACTIONS JULY 2026,2026-09-08,high
4ab8d7771648b26a,IKEJAHOTEL,Ikeja Hotel Plc,0.03,NGN,interim,2026-08-07,2026-09-04,,,,proposed,https://doclib.ngxgroup.com/Financial_NewsDocs/47530_IKEJA_HOTEL_PLC-IKEJA_HOTEL_PLC_-_DIVIDEND_ANNOUNCEMENT_CORPORATE_ACTIONS_JULY_2026.pdf,IKEJA HOTEL PLC-IKEJA HOTEL PLC - DIVIDEND ANNOUNCEMENT CORPORATE ACTIONS JULY 2026,2026-09-05,high
a41bb38e3d6a8367,UPDCREIT,UPDC Real Estate Investment Trust,0.4,NGN,distribution,2026-08-28,2026-09-04,,,,declared,https://doclib.ngxgroup.com/Financial_NewsDocs/47792__UPDC_REAL_ESTATE_INVESTMENT_TRUST-UPDC_REIT_DISTRIBUTION_PAYMENT_2026_-_INTERIM_CORPORATE_ACTIONS_AUGUST_2026.pdf,UPDC REAL ESTATE INVESTMENT TRUST-UPDC REIT DISTRIBUTION PAYMENT 2026 - INTERIM CORPORATE ACTIONS AUGUST 2026,2026-09-05,high
4abd41a11fca67b7,MTNN,MTN Nigeria Communications Plc,26.0,NGN,interim,2026-08-20,2026-09-07,,,,proposed,https://doclib.ngxgroup.com/Financial_NewsDocs/47694_MTN_NIGERIA_COMMUNICATIONS_PLC-NGX_NOTIFICATION_MTN_NIGERIA_INTERIM_DIVIDEND_NO_36_CORPORATE_ACTIONS_JULY_2026.pdf,MTN NIGERIA COMMUNICATIONS PLC - NGX NOTIFICATION MTN NIGERIA INTERIM DIVIDEND NO 36,2026-09-05,high
5518212fd46f18b3,CUSTODIAN,Custodian Investment Plc,0.25,NGN,interim,2026-08-17,2026-09-08,,,,proposed,https://doclib.ngxgroup.com/Financial_NewsDocs/47700_CUSTODIAN_INVESTMENT_PLC-CUSTODIAN_INVESTMENT_PLC_INTERIM_DIVIDEND_ANNOUNCEMENT_CORPORATE_ACTIONS_JULY_2026.pdf,CUSTODIAN INVESTMENT PLC-CUSTODIAN INVESTMENT PLC INTERIM DIVIDEND ANNOUNCEMENT CORPORATE ACTIONS JULY 2026,2026-09-08,high
59228793778867cc,HONYFLOUR,Honeywell Flour Mill Plc,0.2,NGN,final,2026-08-28,2026-09-17,,,,proposed,https://doclib.ngxgroup.com/Financial_NewsDocs/47107_HONEYWELL_FLOUR_MILL_PLC-CORPORATE_ACTIONS_ANNOUNCEMENT_CORPORATE_ACTIONS_JUNE_2026.pdf,HONEYWELL FLOUR MILL PLC-CORPORATE ACTIONS ANNOUNCEMENT CORPORATE ACTIONS JUNE 2026,2026-09-05,high
85ad18c0c063a300,UPL,University Press Plc,0.18,NGN,final,2026-08-28,2026-09-24,,,,proposed,https://doclib.ngxgroup.com/Financial_NewsDocs/47435_UNIVERSITY_PRESS_PLC.-CORPORATE_ACTIONS_ANNOUNCEMENT__CORPORATE_ACTIONS_JULY_2026.pdf,UNIVERSITY PRESS PLC.-CORPORATE ACTIONS ANNOUNCEMENT CORPORATE ACTIONS JULY 2026,2026-09-08,high
bb23535ff56a5c2f,ACADEMY,Academy Press Plc,0.1,NGN,final,2026-09-16,2026-09-25,,,,declared,https://doclib.ngxgroup.com/Financial_NewsDocs/47828_ACADEMY_PRESS_PLC.-_NOTICES_OF_ANNUAL_GENERAL_MEETING_(AGM)_-__ANNUAL_GENERAL_MEETING_(AGM)_AUGUST_2026.pdf,ACADEMY PRESS PLC AGM AUGUST 2026,2026-09-05,medium
e1a1124f51279860,PZ,P.Z. Cussons Nigeria Plc,2.5,NGN,final,2026-10-09,2026-10-30,,,,proposed,https://doclib.ngxgroup.com/Financial_NewsDocs/47865_P_Z_CUSSONS_NIGERIA_PLC.-DIVIDEND_NOTIFICATION_CORPORATE_ACTIONS_AUGUST_2026.pdf,P Z CUSSONS NIGERIA PLC.-DIVIDEND NOTIFICATION CORPORATE ACTIONS AUGUST 2026,2026-09-06,high
