date,ticker,close
2026-09-22,ABBEYBANK,7.00
2026-09-22,ABCTRANS,4.50
2026-09-22,ACADEMY,5.10
2026-09-22,ACCESSCORP,30.15
2026-09-22,AFRINSURE,0.20
2026-09-22,AFRIPRUD,10.45
2026-09-22,AFROMEDIA,0.24
2026-09-22,AIICO,3.75
2026-09-22,AIRTELAFRI,6300.00
2026-09-22,ALEX,9.90
2026-09-22,ARADEL,1530.00
2026-09-22,AUSTINLAZ,2.20
2026-09-22,AVACAP,5.05
2026-09-22,AVAIF,1000000.00
2026-09-22,BAPLC,6.25
2026-09-22,BERGER,147.60
2026-09-22,BETAGLAS,511.50
2026-09-22,BUACEMENT,297.00
2026-09-22,BUAFOODS,760.60
2026-09-22,CADBURY,60.10
2026-09-22,CAP,102.00
2026-09-22,CAVERTON,4.40
2026-09-22,CHAMPION,10.00
2026-09-22,CHAMS,3.49
2026-09-22,CHELLARAM,9.70
2026-09-22,CILEASING,5.70
2026-09-22,CMFC,2.46
2026-09-22,CNIF,154.30
2026-09-22,CONHALLPLC,7.15
2026-09-22,CONOIL,210.00
2026-09-22,CORNERST,4.95
2026-09-22,CUSTODIAN,70.00
2026-09-22,CUTIX,2.29
2026-09-22,CWG,18.15
2026-09-22,DAARCOMM,1.33
2026-09-22,DANGCEM,1068.00
2026-09-22,DANGSUGAR,71.50
2026-09-22,EKOCORP,5.80
2026-09-22,ELLAHLAKES,8.05
2026-09-22,ENAMELWA,40.70
2026-09-22,ETERNA,35.00
2026-09-22,ETI,66.50
2026-09-22,ETRANZACT,12.60
2026-09-22,EUNISELL,189.00
2026-09-22,FCMB,11.10
2026-09-22,FIDELITYBK,20.10
2026-09-22,FIDSON,80.00
2026-09-22,FIRSTHOLDCO,162.80
2026-09-22,FTGINSURE,1.95
2026-09-22,FTNCOCOA,8.00
2026-09-22,GEREGU,825.70
2026-09-22,GOLDBREW,7.10
2026-09-22,GTCO,137.30
2026-09-22,GUINEAINS,0.70
2026-09-22,GUINNESS,384.80
2026-09-22,HBMNG,361.50
2026-09-22,HMCALL,2.99
2026-09-22,HONYFLOUR,15.65
2026-09-22,IKEJAHOTEL,44.50
2026-09-22,IMG,27.65
2026-09-22,INFINITY,11.25
2026-09-22,INTBREW,9.65
2026-09-22,INTENEGINS,2.24
2026-09-22,JAIZBANK,7.85
2026-09-22,JAPAULGOLD,2.56
2026-09-22,JBERGER,310.80
2026-09-22,JOHNHOLT,7.30
2026-09-22,JULI,6.55
2026-09-22,LASACO,1.80
2026-09-22,LEARNAFRCA,8.60
2026-09-22,LEGENDINT,3.40
2026-09-22,LINKASSURE,1.65
2026-09-22,LIVESTOCK,7.80
2026-09-22,LIVINGTRUST,2.60
2026-09-22,MANSARD,11.20
2026-09-22,MAYBAKER,39.00
2026-09-22,MBENEFIT,3.50
2026-09-22,MCNICHOLS,5.05
2026-09-22,MECURE,56.20
2026-09-22,MEYER,15.95
2026-09-22,MOFIREIF,100.00
2026-09-22,MORISON,10.40
2026-09-22,MTNN,850.00
2026-09-22,MULTITREX,0.36
2026-09-22,MULTIVERSE,19.20
2026-09-22,NAHCO,130.00
2026-09-22,NASCON,176.00
2026-09-22,NB,77.90
2026-09-22,NCR,161.20
2026-09-22,NEIMETH,7.95
2026-09-22,NEM,28.70
2026-09-22,NESTLE,2900.00
2026-09-22,NGXGROUP,185.00
2026-09-22,NIDF,147.70
2026-09-22,NNFM,79.40
2026-09-22,NPFMCRFBK,4.15
2026-09-22,NREIT,113.00
2026-09-22,NSLTECH,0.74
2026-09-22,OANDO,36.00
2026-09-22,OKOMUOIL,1276.20
2026-09-22,OMATEK,1.35
2026-09-22,PHARMDEKO,1.83
2026-09-22,PREMPAINTS,30.40
2026-09-22,PRESCO,2045.30
2026-09-22,PRESTIGE,1.37
2026-09-22,PZ,74.50
2026-09-22,REDSTAREX,14.75
2026-09-22,REGALINS,0.70
2026-09-22,RONCHESS,81.00
2026-09-22,ROYALEX,0.96
2026-09-22,RTBRISCOE,8.90
2026-09-22,SCOA,33.05
2026-09-22,SEPLAT,14907.80
2026-09-22,SFSREIT,418.75
2026-09-22,SKYAVN,171.20
2026-09-22,SOVRENINS,2.21
2026-09-22,STANBIC,163.85
2026-09-22,STERLINGNG,7.70
2026-09-22,SUNUASSUR,3.08
2026-09-22,TANTALIZER,3.98
2026-09-22,THOMASWY,2.53
2026-09-22,TIP,25.55
2026-09-22,TOTAL,576.00
2026-09-22,TRANSCOHOT,265.50
2026-09-22,TRANSCORP,37.00
2026-09-22,TRANSEXPR,2.80
2026-09-22,TRANSPOWER,178.00
2026-09-22,TRIPPLEG,2.30
2026-09-22,UACN,172.00
2026-09-22,UBA,46.00
2026-09-22,UCAP,18.00
2026-09-22,UHOMREIT,70.00
2026-09-22,UNILEVER,109.95
2026-09-22,UNIONDICON,23.75
2026-09-22,UNITYBNK,1.51
2026-09-22,UNIVINSURE,0.77
2026-09-22,UPDC,3.55
2026-09-22,UPDCREIT,18.55
2026-09-22,UPL,5.00
2026-09-22,VERITASKAP,1.10
2026-09-22,VFDGROUP,11.50
2026-09-22,VITAFOAM,194.00
2026-09-22,WAPIC,2.38
2026-09-22,WEMABANK,32.00
2026-09-22,ZENITHBANK,132.00
2026-09-22,ZICHIS,15.70
2026-09-23,ABBEYBANK,7.00
2026-09-23,ABCTRANS,4.40
2026-09-23,ACADEMY,5.10
2026-09-23,ACCESSCORP,30.50
2026-09-23,AFRINSURE,0.20
2026-09-23,AFRIPRUD,10.10
2026-09-23,AFROMEDIA,0.24
2026-09-23,AIICO,3.94
2026-09-23,AIRTELAFRI,6300.00
2026-09-23,ALEX,9.90
2026-09-23,ARADEL,1530.00
2026-09-23,AUSTINLAZ,2.20
2026-09-23,AVACAP,5.15
2026-09-23,AVAIF,1000000.00
2026-09-23,BAPLC,6.25
2026-09-23,BERGER,147.60
2026-09-23,BETAGLAS,511.50
2026-09-23,BUACEMENT,297.00
2026-09-23,BUAFOODS,760.60
2026-09-23,CADBURY,60.10
2026-09-23,CAP,102.00
2026-09-23,CAVERTON,4.00
2026-09-23,CHAMPION,10.00
2026-09-23,CHAMS,3.41
2026-09-23,CHELLARAM,9.70
2026-09-23,CILEASING,5.50
2026-09-23,CMFC,2.70
2026-09-23,CNIF,154.30
2026-09-23,CONHALLPLC,7.15
2026-09-23,CONOIL,210.00
2026-09-23,CORNERST,5.20
2026-09-23,CUSTODIAN,70.00
2026-09-23,CUTIX,2.39
2026-09-23,CWG,18.00
2026-09-23,DAARCOMM,1.38
2026-09-23,DANGCEM,1066.70
2026-09-23,DANGSUGAR,71.00
2026-09-23,EKOCORP,5.80
2026-09-23,ELLAHLAKES,8.45
2026-09-23,ENAMELWA,40.70
2026-09-23,ETERNA,38.50
2026-09-23,ETI,66.50
2026-09-23,ETRANZACT,12.50
2026-09-23,EUNISELL,189.00
2026-09-23,FCMB,11.10
2026-09-23,FIDELITYBK,20.10
2026-09-23,FIDSON,80.00
2026-09-23,FIRSTHOLDCO,165.00
2026-09-23,FTGINSURE,2.00
2026-09-23,FTNCOCOA,8.10
2026-09-23,GEREGU,825.70
2026-09-23,GOLDBREW,7.10
2026-09-23,GTCO,137.50
2026-09-23,GUINEAINS,0.75
2026-09-23,GUINNESS,384.80
2026-09-23,HBMNG,359.60
2026-09-23,HMCALL,3.28
2026-09-23,HONYFLOUR,16.85
2026-09-23,IKEJAHOTEL,44.50
2026-09-23,IMG,28.00
2026-09-23,INFINITY,11.25
2026-09-23,INTBREW,9.75
2026-09-23,INTENEGINS,2.30
2026-09-23,JAIZBANK,8.00
2026-09-23,JAPAULGOLD,2.60
2026-09-23,JBERGER,310.80
2026-09-23,JOHNHOLT,8.00
2026-09-23,JULI,6.55
2026-09-23,LASACO,1.80
2026-09-23,LEARNAFRCA,8.60
2026-09-23,LEGENDINT,3.60
2026-09-23,LINKASSURE,1.63
2026-09-23,LIVESTOCK,8.15
2026-09-23,LIVINGTRUST,2.60
2026-09-23,MANSARD,11.50
2026-09-23,MAYBAKER,41.30
2026-09-23,MBENEFIT,3.44
2026-09-23,MCNICHOLS,5.05
2026-09-23,MECURE,56.20
2026-09-23,MEYER,15.95
2026-09-23,MOFIREIF,100.00
2026-09-23,MORISON,10.40
2026-09-23,MTNN,855.00
2026-09-23,MULTITREX,0.36
2026-09-23,MULTIVERSE,19.20
2026-09-23,NAHCO,140.00
2026-09-23,NASCON,183.40
2026-09-23,NB,77.90
2026-09-23,NCR,161.20
2026-09-23,NEIMETH,8.30
2026-09-23,NEM,28.70
2026-09-23,NESTLE,2900.00
2026-09-23,NGXGROUP,185.00
2026-09-23,NIDF,147.70
2026-09-23,NNFM,79.40
2026-09-23,NPFMCRFBK,4.05
2026-09-23,NREIT,113.00
2026-09-23,NSLTECH,0.74
2026-09-23,OANDO,36.15
2026-09-23,OKOMUOIL,1276.20
2026-09-23,OMATEK,1.48
2026-09-23,PHARMDEKO,1.83
2026-09-23,PREMPAINTS,30.40
2026-09-23,PRESCO,2045.30
2026-09-23,PRESTIGE,1.38
2026-09-23,PZ,73.80
2026-09-23,REDSTAREX,14.75
2026-09-23,REGALINS,0.71
2026-09-23,RONCHESS,81.00
2026-09-23,ROYALEX,0.99
2026-09-23,RTBRISCOE,8.90
2026-09-23,SCOA,33.05
2026-09-23,SEPLAT,14907.80
2026-09-23,SFSREIT,418.75
2026-09-23,SKYAVN,171.20
2026-09-23,SOVRENINS,2.40
2026-09-23,STANBIC,164.00
2026-09-23,STERLINGNG,7.70
2026-09-23,SUNUASSUR,3.08
2026-09-23,TANTALIZER,3.89
2026-09-23,THOMASWY,2.78
2026-09-23,TIP,26.00
2026-09-23,TOTAL,576.00
2026-09-23,TRANSCOHOT,265.50
2026-09-23,TRANSCORP,37.00
2026-09-23,TRANSEXPR,3.00
2026-09-23,TRANSPOWER,178.00
2026-09-23,TRIPPLEG,2.30
2026-09-23,UACN,172.00
2026-09-23,UBA,46.00
2026-09-23,UCAP,17.10
2026-09-23,UHOMREIT,70.00
2026-09-23,UNILEVER,109.95
2026-09-23,UNIONDICON,23.75
2026-09-23,UNITYBNK,1.51
2026-09-23,UNIVINSURE,0.77
2026-09-23,UPDC,3.60
2026-09-23,UPDCREIT,18.55
2026-09-23,UPL,4.55
2026-09-23,VERITASKAP,1.04
2026-09-23,VFDGROUP,11.50
2026-09-23,VITAFOAM,194.00
2026-09-23,WAPIC,2.23
2026-09-23,WEMABANK,31.80
2026-09-23,ZENITHBANK,135.00
2026-09-23,ZICHIS,16.28
2026-09-24,ABBEYBANK,7.00
2026-09-24,ABCTRANS,4.65
2026-09-24,ACADEMY,5.10
2026-09-24,ACCESSCORP,30.50
2026-09-24,AFRINSURE,0.20
2026-09-24,AFRIPRUD,10.50
2026-09-24,AFROMEDIA,0.24
2026-09-24,AIICO,3.82
2026-09-24,AIRTELAFRI,6300.00
2026-09-24,ALEX,9.90
2026-09-24,ARADEL,1530.00
2026-09-24,AUSTINLAZ,2.30
2026-09-24,AVACAP,5.20
2026-09-24,AVAIF,1000000.00
2026-09-24,BAPLC,6.25
2026-09-24,BERGER,147.60
2026-09-24,BETAGLAS,511.50
2026-09-24,BUACEMENT,297.00
2026-09-24,BUAFOODS,760.60
2026-09-24,CADBURY,60.10
2026-09-24,CAP,102.00
2026-09-24,CAVERTON,4.35
2026-09-24,CHAMPION,9.70
2026-09-24,CHAMS,3.35
2026-09-24,CHELLARAM,9.70
2026-09-24,CILEASING,5.50
2026-09-24,CMFC,2.97
2026-09-24,CNIF,154.30
2026-09-24,CONHALLPLC,7.45
2026-09-24,CONOIL,210.00
2026-09-24,CORNERST,5.20
2026-09-24,CUSTODIAN,70.00
2026-09-24,CUTIX,2.38
2026-09-24,CWG,18.00
2026-09-24,DAARCOMM,1.42
2026-09-24,DANGCEM,1066.70
2026-09-24,DANGSUGAR,71.00
2026-09-24,EKOCORP,5.80
2026-09-24,ELLAHLAKES,8.00
2026-09-24,ENAMELWA,40.70
2026-09-24,ETERNA,39.00
2026-09-24,ETI,66.00
2026-09-24,ETRANZACT,12.50
2026-09-24,EUNISELL,189.00
2026-09-24,FCMB,11.10
2026-09-24,FIDELITYBK,20.85
2026-09-24,FIDSON,84.20
2026-09-24,FIRSTHOLDCO,165.00
2026-09-24,FTGINSURE,2.00
2026-09-24,FTNCOCOA,8.00
2026-09-24,GEREGU,825.70
2026-09-24,GOLDBREW,7.10
2026-09-24,GTCO,137.00
2026-09-24,GUINEAINS,0.73
2026-09-24,GUINNESS,384.80
2026-09-24,HBMNG,359.60
2026-09-24,HMCALL,3.28
2026-09-24,HONYFLOUR,16.85
2026-09-24,IKEJAHOTEL,44.50
2026-09-24,IMG,28.00
2026-09-24,INFINITY,11.25
2026-09-24,INTBREW,9.90
2026-09-24,INTENEGINS,2.26
2026-09-24,JAIZBANK,8.20
2026-09-24,JAPAULGOLD,2.59
2026-09-24,JBERGER,310.80
2026-09-24,JOHNHOLT,8.00
2026-09-24,JULI,6.55
2026-09-24,LASACO,1.72
2026-09-24,LEARNAFRCA,8.60
2026-09-24,LEGENDINT,3.85
2026-09-24,LINKASSURE,1.75
2026-09-24,LIVESTOCK,8.15
2026-09-24,LIVINGTRUST,2.60
2026-09-24,MANSARD,11.50
2026-09-24,MAYBAKER,41.30
2026-09-24,MBENEFIT,3.28
2026-09-24,MCNICHOLS,5.05
2026-09-24,MECURE,56.20
2026-09-24,MEYER,15.95
2026-09-24,MOFIREIF,100.00
2026-09-24,MORISON,10.40
2026-09-24,MTNN,855.00
2026-09-24,MULTITREX,0.36
2026-09-24,MULTIVERSE,19.20
2026-09-24,NAHCO,152.00
2026-09-24,NASCON,188.50
2026-09-24,NB,77.00
2026-09-24,NCR,161.20
2026-09-24,NEIMETH,7.70
2026-09-24,NEM,28.70
2026-09-24,NESTLE,2900.00
2026-09-24,NGXGROUP,185.00
2026-09-24,NIDF,147.70
2026-09-24,NNFM,79.40
2026-09-24,NPFMCRFBK,4.05
2026-09-24,NREIT,113.00
2026-09-24,NSLTECH,0.72
2026-09-24,OANDO,35.80
2026-09-24,OKOMUOIL,1276.20
2026-09-24,OMATEK,1.54
2026-09-24,PHARMDEKO,1.83
2026-09-24,PREMPAINTS,30.40
2026-09-24,PRESCO,2045.30
2026-09-24,PRESTIGE,1.38
2026-09-24,PZ,73.80
2026-09-24,REDSTAREX,14.75
2026-09-24,REGALINS,0.72
2026-09-24,RONCHESS,81.00
2026-09-24,ROYALEX,0.99
2026-09-24,RTBRISCOE,9.75
2026-09-24,SCOA,33.05
2026-09-24,SEPLAT,16000.00
2026-09-24,SFSREIT,418.75
2026-09-24,SKYAVN,171.20
2026-09-24,SOVRENINS,2.50
2026-09-24,STANBIC,164.00
2026-09-24,STERLINGNG,7.70
2026-09-24,SUNUASSUR,3.00
2026-09-24,TANTALIZER,3.90
2026-09-24,THOMASWY,2.88
2026-09-24,TIP,26.90
2026-09-24,TOTAL,576.00
2026-09-24,TRANSCOHOT,265.50
2026-09-24,TRANSCORP,37.10
2026-09-24,TRANSEXPR,3.00
2026-09-24,TRANSPOWER,178.00
2026-09-24,TRIPPLEG,2.30
2026-09-24,UACN,172.00
2026-09-24,UBA,45.55
2026-09-24,UCAP,17.10
2026-09-24,UHOMREIT,70.00
2026-09-24,UNILEVER,109.95
2026-09-24,UNIONDICON,23.75
2026-09-24,UNITYBNK,1.51
2026-09-24,UNIVINSURE,0.77
2026-09-24,UPDC,3.60
2026-09-24,UPDCREIT,18.60
2026-09-24,UPL,4.55
2026-09-24,VERITASKAP,1.08
2026-09-24,VFDGROUP,11.30
2026-09-24,VITAFOAM,194.00
2026-09-24,WAPIC,2.20
2026-09-24,WEMABANK,30.55
2026-09-24,ZENITHBANK,134.20
2026-09-24,ZICHIS,16.00
2026-09-25,ABBEYBANK,6.95
2026-09-25,ABCTRANS,5.10
2026-09-25,ACADEMY,5.10
2026-09-25,ACCESSCORP,31.55
2026-09-25,AFRINSURE,0.20
2026-09-25,AFRIPRUD,10.55
2026-09-25,AFROMEDIA,0.24
2026-09-25,AIICO,3.90
2026-09-25,AIRTELAFRI,6300.00
2026-09-25,ALEX,9.90
2026-09-25,ARADEL,1530.00
2026-09-25,AUSTINLAZ,2.20
2026-09-25,AVACAP,5.50
2026-09-25,AVAIF,1000000.00
2026-09-25,BAPLC,6.25
2026-09-25,BERGER,147.60
2026-09-25,BETAGLAS,511.50
2026-09-25,BUACEMENT,297.00
2026-09-25,BUAFOODS,760.60
2026-09-25,CADBURY,59.50
2026-09-25,CAP,100.00
2026-09-25,CAVERTON,4.00
2026-09-25,CHAMPION,9.65
2026-09-25,CHAMS,3.48
2026-09-25,CHELLARAM,9.70
2026-09-25,CILEASING,5.50
2026-09-25,CMFC,3.26
2026-09-25,CNIF,154.30
2026-09-25,CONHALLPLC,7.40
2026-09-25,CONOIL,210.00
2026-09-25,CORNERST,5.10
2026-09-25,CUSTODIAN,70.00
2026-09-25,CUTIX,2.46
2026-09-25,CWG,18.00
2026-09-25,DAARCOMM,1.44
2026-09-25,DANGCEM,1066.70
2026-09-25,DANGSUGAR,71.00
2026-09-25,EKOCORP,5.80
2026-09-25,ELLAHLAKES,8.25
2026-09-25,ENAMELWA,40.70
2026-09-25,ETERNA,39.00
2026-09-25,ETI,69.00
2026-09-25,ETRANZACT,12.50
2026-09-25,EUNISELL,189.00
2026-09-25,FCMB,11.15
2026-09-25,FIDELITYBK,21.60
2026-09-25,FIDSON,84.05
2026-09-25,FIRSTHOLDCO,156.60
2026-09-25,FTGINSURE,2.00
2026-09-25,FTNCOCOA,8.29
2026-09-25,GEREGU,825.70
2026-09-25,GOLDBREW,7.10
2026-09-25,GTCO,137.00
2026-09-25,GUINEAINS,0.75
2026-09-25,GUINNESS,384.80
2026-09-25,HBMNG,360.50
2026-09-25,HMCALL,3.00
2026-09-25,HONYFLOUR,16.85
2026-09-25,IKEJAHOTEL,44.50
2026-09-25,IMG,28.00
2026-09-25,INFINITY,11.25
2026-09-25,INTBREW,10.10
2026-09-25,INTENEGINS,2.38
2026-09-25,JAIZBANK,8.00
2026-09-25,JAPAULGOLD,2.65
2026-09-25,JBERGER,310.80
2026-09-25,JOHNHOLT,7.75
2026-09-25,JULI,6.55
2026-09-25,LASACO,1.74
2026-09-25,LEARNAFRCA,8.60
2026-09-25,LEGENDINT,3.50
2026-09-25,LINKASSURE,1.70
2026-09-25,LIVESTOCK,8.15
2026-09-25,LIVINGTRUST,2.60
2026-09-25,MANSARD,11.35
2026-09-25,MAYBAKER,41.30
2026-09-25,MBENEFIT,3.31
2026-09-25,MCNICHOLS,5.05
2026-09-25,MECURE,56.20
2026-09-25,MEYER,15.95
2026-09-25,MOFIREIF,100.00
2026-09-25,MORISON,10.40
2026-09-25,MTNN,863.00
2026-09-25,MULTITREX,0.36
2026-09-25,MULTIVERSE,19.20
2026-09-25,NAHCO,152.00
2026-09-25,NASCON,188.50
2026-09-25,NB,76.00
2026-09-25,NCR,161.20
2026-09-25,NEIMETH,7.85
2026-09-25,NEM,28.70
2026-09-25,NESTLE,2900.00
2026-09-25,NGXGROUP,185.00
2026-09-25,NIDF,147.70
2026-09-25,NNFM,79.40
2026-09-25,NPFMCRFBK,4.10
2026-09-25,NREIT,113.00
2026-09-25,NSLTECH,0.69
2026-09-25,OANDO,35.50
2026-09-25,OKOMUOIL,1276.20
2026-09-25,OMATEK,1.48
2026-09-25,PHARMDEKO,1.83
2026-09-25,PREMPAINTS,30.40
2026-09-25,PRESCO,2045.30
2026-09-25,PRESTIGE,1.38
2026-09-25,PZ,73.80
2026-09-25,REDSTAREX,14.75
2026-09-25,REGALINS,0.71
2026-09-25,RONCHESS,81.00
2026-09-25,ROYALEX,1.08
2026-09-25,RTBRISCOE,10.70
2026-09-25,SCOA,33.05
2026-09-25,SEPLAT,16000.10
2026-09-25,SFSREIT,418.75
2026-09-25,SKYAVN,171.20
2026-09-25,SOVRENINS,2.40
2026-09-25,STANBIC,164.00
2026-09-25,STERLINGNG,7.70
2026-09-25,SUNUASSUR,3.00
2026-09-25,TANTALIZER,3.97
2026-09-25,THOMASWY,2.95
2026-09-25,TIP,26.90
2026-09-25,TOTAL,518.40
2026-09-25,TRANSCOHOT,265.50
2026-09-25,TRANSCORP,37.00
2026-09-25,TRANSEXPR,2.95
2026-09-25,TRANSPOWER,178.00
2026-09-25,TRIPPLEG,2.33
2026-09-25,UACN,175.40
2026-09-25,UBA,45.20
2026-09-25,UCAP,17.05
2026-09-25,UHOMREIT,70.00
2026-09-25,UNILEVER,109.95
2026-09-25,UNIONDICON,23.75
2026-09-25,UNITYBNK,1.51
2026-09-25,UNIVINSURE,0.77
2026-09-25,UPDC,3.85
2026-09-25,UPDCREIT,18.75
2026-09-25,UPL,4.55
2026-09-25,VERITASKAP,1.11
2026-09-25,VFDGROUP,11.40
2026-09-25,VITAFOAM,194.00
2026-09-25,WAPIC,2.32
2026-09-25,WEMABANK,30.75
2026-09-25,ZENITHBANK,134.90
2026-09-25,ZICHIS,17.60
2026-09-28,ABBEYBANK,6.95
2026-09-28,ABCTRANS,5.60
2026-09-28,ACADEMY,5.10
2026-09-28,ACCESSCORP,31.85
2026-09-28,AFRINSURE,0.20
2026-09-28,AFRIPRUD,10.55
2026-09-28,AFROMEDIA,0.24
2026-09-28,AIICO,3.80
2026-09-28,AIRTELAFRI,6300.00
2026-09-28,ALEX,9.90
2026-09-28,ARADEL,1530.00
2026-09-28,AUSTINLAZ,2.29
2026-09-28,AVACAP,5.25
2026-09-28,AVAIF,1000000.00
2026-09-28,BAPLC,6.25
2026-09-28,BERGER,147.60
2026-09-28,BETAGLAS,511.50
2026-09-28,BUACEMENT,297.00
2026-09-28,BUAFOODS,760.60
2026-09-28,CADBURY,59.50
2026-09-28,CAP,100.00
2026-09-28,CAVERTON,4.00
2026-09-28,CHAMPION,9.65
2026-09-28,CHAMS,3.39
2026-09-28,CHELLARAM,9.70
2026-09-28,CILEASING,5.50
2026-09-28,CMFC,3.58
2026-09-28,CNIF,154.30
2026-09-28,CONHALLPLC,7.50
2026-09-28,CONOIL,210.00
2026-09-28,CORNERST,5.10
2026-09-28,CUSTODIAN,70.00
2026-09-28,CUTIX,2.40
2026-09-28,CWG,19.40
2026-09-28,DAARCOMM,1.50
2026-09-28,DANGCEM,1066.70
2026-09-28,DANGSUGAR,70.00
2026-09-28,EKOCORP,5.80
2026-09-28,ELLAHLAKES,8.10
2026-09-28,ENAMELWA,40.70
2026-09-28,ETERNA,42.75
2026-09-28,ETI,70.00
2026-09-28,ETRANZACT,12.35
2026-09-28,EUNISELL,189.00
2026-09-28,FCMB,11.45
2026-09-28,FIDELITYBK,23.00
2026-09-28,FIDSON,85.00
2026-09-28,FIRSTHOLDCO,159.90
2026-09-28,FTGINSURE,1.81
2026-09-28,FTNCOCOA,8.00
2026-09-28,GEREGU,825.70
2026-09-28,GOLDBREW,7.10
2026-09-28,GTCO,137.00
2026-09-28,GUINEAINS,0.75
2026-09-28,GUINNESS,384.80
2026-09-28,HBMNG,360.50
2026-09-28,HMCALL,3.00
2026-09-28,HONYFLOUR,17.10
2026-09-28,IKEJAHOTEL,44.50
2026-09-28,IMG,28.00
2026-09-28,INFINITY,11.25
2026-09-28,INTBREW,10.10
2026-09-28,INTENEGINS,2.28
2026-09-28,JAIZBANK,8.00
2026-09-28,JAPAULGOLD,2.76
2026-09-28,JBERGER,310.80
2026-09-28,JOHNHOLT,7.75
2026-09-28,JULI,6.55
2026-09-28,LASACO,1.77
2026-09-28,LEARNAFRCA,8.60
2026-09-28,LEGENDINT,3.35
2026-09-28,LINKASSURE,1.70
2026-09-28,LIVESTOCK,8.10
2026-09-28,LIVINGTRUST,2.60
2026-09-28,MANSARD,11.70
2026-09-28,MAYBAKER,41.30
2026-09-28,MBENEFIT,3.20
2026-09-28,MCNICHOLS,5.05
2026-09-28,MECURE,56.20
2026-09-28,MEYER,15.95
2026-09-28,MOFIREIF,100.00
2026-09-28,MORISON,10.40
2026-09-28,MTNN,863.00
2026-09-28,MULTITREX,0.36
2026-09-28,MULTIVERSE,19.20
2026-09-28,NAHCO,152.00
2026-09-28,NASCON,188.50
2026-09-28,NB,76.00
2026-09-28,NCR,161.20
2026-09-28,NEIMETH,8.30
2026-09-28,NEM,28.70
2026-09-28,NESTLE,2900.00
2026-09-28,NGXGROUP,183.50
2026-09-28,NIDF,147.70
2026-09-28,NNFM,79.40
2026-09-28,NPFMCRFBK,4.00
2026-09-28,NREIT,113.00
2026-09-28,NSLTECH,0.73
2026-09-28,OANDO,34.85
2026-09-28,OKOMUOIL,1276.20
2026-09-28,OMATEK,1.41
2026-09-28,PHARMDEKO,1.83
2026-09-28,PREMPAINTS,30.40
2026-09-28,PRESCO,2045.30
2026-09-28,PRESTIGE,1.38
2026-09-28,PZ,73.80
2026-09-28,REDSTAREX,14.75
2026-09-28,REGALINS,0.72
2026-09-28,RONCHESS,81.00
2026-09-28,ROYALEX,1.08
2026-09-28,RTBRISCOE,10.05
2026-09-28,SCOA,33.05
2026-09-28,SEPLAT,16000.10
2026-09-28,SFSREIT,418.75
2026-09-28,SKYAVN,171.20
2026-09-28,SOVRENINS,2.62
2026-09-28,STANBIC,164.00
2026-09-28,STERLINGNG,7.70
2026-09-28,SUNUASSUR,3.08
2026-09-28,TANTALIZER,3.98
2026-09-28,THOMASWY,2.97
2026-09-28,TIP,26.25
2026-09-28,TOTAL,518.40
2026-09-28,TRANSCOHOT,265.50
2026-09-28,TRANSCORP,37.00
2026-09-28,TRANSEXPR,2.70
2026-09-28,TRANSPOWER,178.00
2026-09-28,TRIPPLEG,2.33
2026-09-28,UACN,181.00
2026-09-28,UBA,45.60
2026-09-28,UCAP,17.20
2026-09-28,UHOMREIT,70.00
2026-09-28,UNILEVER,109.90
2026-09-28,UNIONDICON,23.75
2026-09-28,UNITYBNK,1.51
2026-09-28,UNIVINSURE,0.77
2026-09-28,UPDC,3.90
2026-09-28,UPDCREIT,19.95
2026-09-28,UPL,5.00
2026-09-28,VERITASKAP,1.11
2026-09-28,VFDGROUP,12.00
2026-09-28,VITAFOAM,194.00
2026-09-28,WAPIC,2.18
2026-09-28,WEMABANK,30.10
2026-09-28,ZENITHBANK,134.90
2026-09-28,ZICHIS,19.18
2026-09-29,ABBEYBANK,6.95
2026-09-29,ABCTRANS,6.15
2026-09-29,ACADEMY,5.10
2026-09-29,ACCESSCORP,31.15
2026-09-29,AFRINSURE,0.20
2026-09-29,AFRIPRUD,10.95
2026-09-29,AFROMEDIA,0.24
2026-09-29,AIICO,3.93
2026-09-29,AIRTELAFRI,6300.00
2026-09-29,ALEX,9.90
2026-09-29,ARADEL,1530.00
2026-09-29,AUSTINLAZ,2.20
2026-09-29,AVACAP,5.25
2026-09-29,AVAIF,1000000.00
2026-09-29,BAPLC,6.25
2026-09-29,BERGER,147.60
2026-09-29,BETAGLAS,511.50
2026-09-29,BUACEMENT,287.80
2026-09-29,BUAFOODS,760.60
2026-09-29,CADBURY,59.50
2026-09-29,CAP,100.00
2026-09-29,CAVERTON,4.00
2026-09-29,CHAMPION,9.90
2026-09-29,CHAMS,3.31
2026-09-29,CHELLARAM,9.70
2026-09-29,CILEASING,5.50
2026-09-29,CMFC,3.93
2026-09-29,CNIF,154.30
2026-09-29,CONHALLPLC,7.50
2026-09-29,CONOIL,210.00
2026-09-29,CORNERST,4.95
2026-09-29,CUSTODIAN,70.00
2026-09-29,CUTIX,2.30
2026-09-29,CWG,20.75
2026-09-29,DAARCOMM,1.52
2026-09-29,DANGCEM,1066.70
2026-09-29,DANGSUGAR,69.00
2026-09-29,EKOCORP,5.80
2026-09-29,ELLAHLAKES,8.60
2026-09-29,ENAMELWA,40.70
2026-09-29,ETERNA,44.00
2026-09-29,ETI,68.00
2026-09-29,ETRANZACT,12.20
2026-09-29,EUNISELL,189.00
2026-09-29,FCMB,11.45
2026-09-29,FIDELITYBK,23.05
2026-09-29,FIDSON,85.00
2026-09-29,FIRSTHOLDCO,159.90
2026-09-29,FTGINSURE,1.87
2026-09-29,FTNCOCOA,8.30
2026-09-29,GEREGU,825.70
2026-09-29,GOLDBREW,7.10
2026-09-29,GTCO,132.50
2026-09-29,GUINEAINS,0.75
2026-09-29,GUINNESS,384.80
2026-09-29,HBMNG,360.50
2026-09-29,HMCALL,3.10
2026-09-29,HONYFLOUR,17.75
2026-09-29,IKEJAHOTEL,44.50
2026-09-29,IMG,28.00
2026-09-29,INFINITY,11.25
2026-09-29,INTBREW,9.55
2026-09-29,INTENEGINS,2.29
2026-09-29,JAIZBANK,7.90
2026-09-29,JAPAULGOLD,2.88
2026-09-29,JBERGER,310.80
2026-09-29,JOHNHOLT,8.50
2026-09-29,JULI,6.55
2026-09-29,LASACO,1.77
2026-09-29,LEARNAFRCA,8.50
2026-09-29,LEGENDINT,3.65
2026-09-29,LINKASSURE,1.70
2026-09-29,LIVESTOCK,8.10
2026-09-29,LIVINGTRUST,2.86
2026-09-29,MANSARD,11.50
2026-09-29,MAYBAKER,39.20
2026-09-29,MBENEFIT,3.11
2026-09-29,MCNICHOLS,5.00
2026-09-29,MECURE,56.20
2026-09-29,MEYER,15.95
2026-09-29,MOFIREIF,100.00
2026-09-29,MORISON,10.40
2026-09-29,MTNN,863.00
2026-09-29,MULTITREX,0.36
2026-09-29,MULTIVERSE,19.20
2026-09-29,NAHCO,150.00
2026-09-29,NASCON,188.50
2026-09-29,NB,76.00
2026-09-29,NCR,161.20
2026-09-29,NEIMETH,7.80
2026-09-29,NEM,28.70
2026-09-29,NESTLE,2900.00
2026-09-29,NGXGROUP,181.00
2026-09-29,NIDF,147.70
2026-09-29,NNFM,79.40
2026-09-29,NPFMCRFBK,4.40
2026-09-29,NREIT,113.00
2026-09-29,NSLTECH,0.70
2026-09-29,OANDO,34.50
2026-09-29,OKOMUOIL,1276.20
2026-09-29,OMATEK,1.44
2026-09-29,PHARMDEKO,1.83
2026-09-29,PREMPAINTS,30.40
2026-09-29,PRESCO,2045.30
2026-09-29,PRESTIGE,1.36
2026-09-29,PZ,73.70
2026-09-29,REDSTAREX,14.75
2026-09-29,REGALINS,0.72
2026-09-29,RONCHESS,81.00
2026-09-29,ROYALEX,1.05
2026-09-29,RTBRISCOE,10.05
2026-09-29,SCOA,33.05
2026-09-29,SEPLAT,16000.10
2026-09-29,SFSREIT,418.75
2026-09-29,SKYAVN,171.20
2026-09-29,SOVRENINS,2.39
2026-09-29,STANBIC,164.00
2026-09-29,STERLINGNG,7.70
2026-09-29,SUNUASSUR,3.08
2026-09-29,TANTALIZER,3.92
2026-09-29,THOMASWY,2.96
2026-09-29,TIP,26.80
2026-09-29,TOTAL,518.40
2026-09-29,TRANSCOHOT,290.50
2026-09-29,TRANSCORP,37.00
2026-09-29,TRANSEXPR,2.70
2026-09-29,TRANSPOWER,178.00
2026-09-29,TRIPPLEG,2.33
2026-09-29,UACN,181.00
2026-09-29,UBA,46.00
2026-09-29,UCAP,17.10
2026-09-29,UHOMREIT,70.00
2026-09-29,UNILEVER,100.50
2026-09-29,UNIONDICON,23.75
2026-09-29,UNITYBNK,1.51
2026-09-29,UNIVINSURE,0.77
2026-09-29,UPDC,3.80
2026-09-29,UPDCREIT,19.95
2026-09-29,UPL,4.70
2026-09-29,VERITASKAP,1.11
2026-09-29,VFDGROUP,13.40
2026-09-29,VITAFOAM,194.00
2026-09-29,WAPIC,2.43
2026-09-29,WEMABANK,31.00
2026-09-29,ZENITHBANK,134.40
2026-09-29,ZICHIS,19.90
2026-09-30,ABBEYBANK,7.00
2026-09-30,ABCTRANS,6.75
2026-09-30,ACADEMY,5.10
2026-09-30,ACCESSCORP,30.45
2026-09-30,AFRINSURE,0.20
2026-09-30,AFRIPRUD,10.95
2026-09-30,AFROMEDIA,0.24
2026-09-30,AIICO,3.80
2026-09-30,AIRTELAFRI,6300.00
2026-09-30,ALEX,9.90
2026-09-30,ARADEL,1530.00
2026-09-30,AUSTINLAZ,2.20
2026-09-30,AVACAP,5.65
2026-09-30,AVAIF,1000000.00
2026-09-30,BAPLC,6.25
2026-09-30,BERGER,147.60
2026-09-30,BETAGLAS,511.50
2026-09-30,BUACEMENT,297.00
2026-09-30,BUAFOODS,760.60
2026-09-30,CADBURY,59.50
2026-09-30,CAP,100.00
2026-09-30,CAVERTON,4.05
2026-09-30,CHAMPION,9.90
2026-09-30,CHAMS,3.19
2026-09-30,CHELLARAM,9.70
2026-09-30,CILEASING,5.50
2026-09-30,CMFC,4.32
2026-09-30,CNIF,154.30
2026-09-30,CONHALLPLC,7.12
2026-09-30,CONOIL,210.00
2026-09-30,CORNERST,5.60
2026-09-30,CUSTODIAN,70.00
2026-09-30,CUTIX,2.30
2026-09-30,CWG,20.75
2026-09-30,DAARCOMM,1.50
2026-09-30,DANGCEM,1066.70
2026-09-30,DANGSUGAR,68.00
2026-09-30,EKOCORP,5.80
2026-09-30,ELLAHLAKES,8.30
2026-09-30,ENAMELWA,40.70
2026-09-30,ETERNA,44.00
2026-09-30,ETI,68.00
2026-09-30,ETRANZACT,12.20
2026-09-30,EUNISELL,189.00
2026-09-30,FCMB,11.45
2026-09-30,FIDELITYBK,22.55
2026-09-30,FIDSON,85.00
2026-09-30,FIRSTHOLDCO,159.90
2026-09-30,FTGINSURE,1.81
2026-09-30,FTNCOCOA,8.30
2026-09-30,GEREGU,825.70
2026-09-30,GOLDBREW,7.10
2026-09-30,GTCO,132.00
2026-09-30,GUINEAINS,0.70
2026-09-30,GUINNESS,384.80
2026-09-30,HBMNG,355.00
2026-09-30,HMCALL,3.41
2026-09-30,HONYFLOUR,18.00
2026-09-30,IKEJAHOTEL,44.50
2026-09-30,IMG,28.00
2026-09-30,INFINITY,11.25
2026-09-30,INTBREW,9.55
2026-09-30,INTENEGINS,2.25
2026-09-30,JAIZBANK,8.10
2026-09-30,JAPAULGOLD,2.90
2026-09-30,JBERGER,310.80
2026-09-30,JOHNHOLT,8.50
2026-09-30,JULI,6.55
2026-09-30,LASACO,1.77
2026-09-30,LEARNAFRCA,7.65
2026-09-30,LEGENDINT,3.65
2026-09-30,LINKASSURE,1.70
2026-09-30,LIVESTOCK,8.10
2026-09-30,LIVINGTRUST,3.14
2026-09-30,MANSARD,11.00
2026-09-30,MAYBAKER,39.20
2026-09-30,MBENEFIT,3.13
2026-09-30,MCNICHOLS,5.05
2026-09-30,MECURE,56.20
2026-09-30,MEYER,15.95
2026-09-30,MOFIREIF,100.00
2026-09-30,MORISON,10.40
2026-09-30,MTNN,837.00
2026-09-30,MULTITREX,0.36
2026-09-30,MULTIVERSE,19.20
2026-09-30,NAHCO,150.00
2026-09-30,NASCON,188.90
2026-09-30,NB,76.00
2026-09-30,NCR,161.20
2026-09-30,NEIMETH,7.70
2026-09-30,NEM,28.70
2026-09-30,NESTLE,2900.00
2026-09-30,NGXGROUP,181.00
2026-09-30,NIDF,147.70
2026-09-30,NNFM,79.40
2026-09-30,NPFMCRFBK,4.40
2026-09-30,NREIT,113.00
2026-09-30,NSLTECH,0.69
2026-09-30,OANDO,35.00
2026-09-30,OKOMUOIL,1276.20
2026-09-30,OMATEK,1.45
2026-09-30,PHARMDEKO,1.83
2026-09-30,PREMPAINTS,30.40
2026-09-30,PRESCO,2045.30
2026-09-30,PRESTIGE,1.38
2026-09-30,PZ,73.70
2026-09-30,REDSTAREX,15.80
2026-09-30,REGALINS,0.70
2026-09-30,RONCHESS,81.00
2026-09-30,ROYALEX,1.15
2026-09-30,RTBRISCOE,9.95
2026-09-30,SCOA,33.05
2026-09-30,SEPLAT,16000.10
2026-09-30,SFSREIT,418.75
2026-09-30,SKYAVN,171.20
2026-09-30,SOVRENINS,2.20
2026-09-30,STANBIC,163.00
2026-09-30,STERLINGNG,7.70
2026-09-30,SUNUASSUR,3.08
2026-09-30,TANTALIZER,3.90
2026-09-30,THOMASWY,2.67
2026-09-30,TIP,27.20
2026-09-30,TOTAL,518.40
2026-09-30,TRANSCOHOT,290.50
2026-09-30,TRANSCORP,37.00
2026-09-30,TRANSEXPR,2.70
2026-09-30,TRANSPOWER,178.00
2026-09-30,TRIPPLEG,2.33
2026-09-30,UACN,181.00
2026-09-30,UBA,45.50
2026-09-30,UCAP,17.00
2026-09-30,UHOMREIT,70.00
2026-09-30,UNILEVER,104.90
2026-09-30,UNIONDICON,23.75
2026-09-30,UNITYBNK,1.51
2026-09-30,UNIVINSURE,0.77
2026-09-30,UPDC,3.75
2026-09-30,UPDCREIT,20.65
2026-09-30,UPL,4.70
2026-09-30,VERITASKAP,1.11
2026-09-30,VFDGROUP,14.50
2026-09-30,VITAFOAM,194.00
2026-09-30,WAPIC,2.36
2026-09-30,WEMABANK,31.50
2026-09-30,ZENITHBANK,134.00
2026-09-30,ZICHIS,19.90
2026-10-01,ABBEYBANK,7.00
2026-10-01,ABCTRANS,6.75
2026-10-01,ACADEMY,5.10
2026-10-01,ACCESSCORP,30.40
2026-10-01,AFRINSURE,0.20
2026-10-01,AFRIPRUD,10.95
2026-10-01,AFROMEDIA,0.24
2026-10-01,AIICO,3.80
2026-10-01,AIRTELAFRI,6300.00
2026-10-01,ALEX,9.90
2026-10-01,ARADEL,1530.00
2026-10-01,AUSTINLAZ,2.20
2026-10-01,AVACAP,5.65
2026-10-01,AVAIF,1000000.00
2026-10-01,BAPLC,6.25
2026-10-01,BERGER,147.60
2026-10-01,BETAGLAS,511.50
2026-10-01,BUACEMENT,297.00
2026-10-01,BUAFOODS,760.60
2026-10-01,CADBURY,59.50
2026-10-01,CAP,100.00
2026-10-01,CAVERTON,4.05
2026-10-01,CHAMPION,9.90
2026-10-01,CHAMS,3.19
2026-10-01,CHELLARAM,9.70
2026-10-01,CILEASING,5.50
2026-10-01,CMFC,4.32
2026-10-01,CNIF,154.30
2026-10-01,CONHALLPLC,7.12
2026-10-01,CONOIL,210.00
2026-10-01,CORNERST,5.60
2026-10-01,CUSTODIAN,70.00
2026-10-01,CUTIX,2.30
2026-10-01,CWG,20.75
2026-10-01,DAARCOMM,1.50
2026-10-01,DANGCEM,1066.70
2026-10-01,DANGSUGAR,68.00
2026-10-01,EKOCORP,5.80
2026-10-01,ELLAHLAKES,8.30
2026-10-01,ENAMELWA,40.70
2026-10-01,ETERNA,44.00
2026-10-01,ETI,68.00
2026-10-01,ETRANZACT,12.20
2026-10-01,EUNISELL,189.00
2026-10-01,FCMB,11.45
2026-10-01,FIDELITYBK,21.65
2026-10-01,FIDSON,85.00
2026-10-01,FIRSTHOLDCO,159.90
2026-10-01,FTGINSURE,1.81
2026-10-01,FTNCOCOA,8.30
2026-10-01,GEREGU,825.70
2026-10-01,GOLDBREW,7.10
2026-10-01,GTCO,132.00
2026-10-01,GUINEAINS,0.70
2026-10-01,GUINNESS,384.80
2026-10-01,HBMNG,355.00
2026-10-01,HMCALL,3.41
2026-10-01,HONYFLOUR,18.00
2026-10-01,IKEJAHOTEL,44.50
2026-10-01,IMG,28.00
2026-10-01,INFINITY,11.25
2026-10-01,INTBREW,9.55
2026-10-01,INTENEGINS,2.25
2026-10-01,JAIZBANK,8.10
2026-10-01,JAPAULGOLD,2.90
2026-10-01,JBERGER,310.80
2026-10-01,JOHNHOLT,8.50
2026-10-01,JULI,6.55
2026-10-01,LASACO,1.77
2026-10-01,LEARNAFRCA,7.65
2026-10-01,LEGENDINT,3.65
2026-10-01,LINKASSURE,1.70
2026-10-01,LIVESTOCK,8.10
2026-10-01,LIVINGTRUST,3.14
2026-10-01,MANSARD,11.00
2026-10-01,MAYBAKER,39.20
2026-10-01,MBENEFIT,3.13
2026-10-01,MCNICHOLS,5.05
2026-10-01,MECURE,56.20
2026-10-01,MEYER,15.95
2026-10-01,MOFIREIF,100.00
2026-10-01,MORISON,10.40
2026-10-01,MTNN,837.00
2026-10-01,MULTITREX,0.36
2026-10-01,MULTIVERSE,19.20
2026-10-01,NAHCO,150.00
2026-10-01,NASCON,188.90
2026-10-01,NB,76.00
2026-10-01,NCR,161.20
2026-10-01,NEIMETH,7.70
2026-10-01,NEM,28.70
2026-10-01,NESTLE,2900.00
2026-10-01,NGXGROUP,181.00
2026-10-01,NIDF,147.70
2026-10-01,NNFM,79.40
2026-10-01,NPFMCRFBK,4.40
2026-10-01,NREIT,113.00
2026-10-01,NSLTECH,0.69
2026-10-01,OANDO,35.00
2026-10-01,OKOMUOIL,1276.20
2026-10-01,OMATEK,1.45
2026-10-01,PHARMDEKO,1.83
2026-10-01,PREMPAINTS,30.40
2026-10-01,PRESCO,2045.30
2026-10-01,PRESTIGE,1.38
2026-10-01,PZ,73.70
2026-10-01,REDSTAREX,15.80
2026-10-01,REGALINS,0.70
2026-10-01,RONCHESS,81.00
2026-10-01,ROYALEX,1.15
2026-10-01,RTBRISCOE,10.00
2026-10-01,SCOA,33.05
2026-10-01,SEPLAT,16000.10
2026-10-01,SFSREIT,418.75
2026-10-01,SKYAVN,171.20
2026-10-01,SOVRENINS,2.20
2026-10-01,STANBIC,163.00
2026-10-01,STERLINGNG,7.70
2026-10-01,SUNUASSUR,3.08
2026-10-01,TANTALIZER,3.90
2026-10-01,THOMASWY,2.67
2026-10-01,TIP,27.20
2026-10-01,TOTAL,518.40
2026-10-01,TRANSCOHOT,290.50
2026-10-01,TRANSCORP,37.00
2026-10-01,TRANSEXPR,2.70
2026-10-01,TRANSPOWER,178.00
2026-10-01,TRIPPLEG,2.33
2026-10-01,UACN,181.00
2026-10-01,UBA,45.45
2026-10-01,UCAP,17.00
2026-10-01,UHOMREIT,70.00
2026-10-01,UNILEVER,104.90
2026-10-01,UNIONDICON,23.75
2026-10-01,UNITYBNK,1.51
2026-10-01,UNIVINSURE,0.77
2026-10-01,UPDC,3.75
2026-10-01,UPDCREIT,20.65
2026-10-01,UPL,4.70
2026-10-01,VERITASKAP,1.11
2026-10-01,VFDGROUP,14.50
2026-10-01,VITAFOAM,194.00
2026-10-01,WAPIC,2.36
2026-10-01,WEMABANK,31.50
2026-10-01,ZENITHBANK,134.00
2026-10-01,ZICHIS,19.90
