ticker,company,price,updated_at
ABBEYBANK,,7.05,2026-10-07 16:21 UTC
ABCTRANS,,6.05,2026-10-07 16:21 UTC
ACADEMY,,5.10,2026-10-07 16:21 UTC
ACCESSCORP,,30.00,2026-10-07 16:21 UTC
AFRINSURE,,0.20,2026-10-07 16:21 UTC
AFRIPRUD,,10.60,2026-10-07 16:21 UTC
AFROMEDIA,,0.24,2026-10-07 16:21 UTC
AIICO,,4.09,2026-10-07 16:21 UTC
AIRTELAFRI,,6300.00,2026-10-07 16:21 UTC
ALEX,,9.90,2026-10-07 16:21 UTC
ARADEL,,1530.00,2026-10-07 16:21 UTC
AUSTINLAZ,,2.22,2026-10-07 16:21 UTC
AVACAP,,5.65,2026-10-07 16:21 UTC
AVAIF,,1000000.00,2026-10-07 16:21 UTC
BAPLC,,6.25,2026-10-07 16:21 UTC
BERGER,,147.60,2026-10-07 16:21 UTC
BETAGLAS,,511.50,2026-10-07 16:21 UTC
BUACEMENT,,297.00,2026-10-07 16:21 UTC
BUAFOODS,,760.60,2026-10-07 16:21 UTC
CADBURY,,59.70,2026-10-07 16:21 UTC
CAP,,100.00,2026-10-07 16:21 UTC
CAVERTON,,3.90,2026-10-07 16:21 UTC
CHAMPION,,10.95,2026-10-07 16:21 UTC
CHAMS,,3.60,2026-10-07 16:21 UTC
CHELLARAM,,9.70,2026-10-07 16:21 UTC
CILEASING,,5.35,2026-10-07 16:21 UTC
CMFC,,4.01,2026-10-07 16:21 UTC
CNIF,,154.30,2026-10-07 16:21 UTC
CONHALLPLC,,7.03,2026-10-07 16:21 UTC
CONOIL,,210.00,2026-10-07 16:21 UTC
CORNERST,,4.90,2026-10-07 16:21 UTC
CUSTODIAN,,70.00,2026-10-07 16:21 UTC
CUTIX,,2.44,2026-10-07 16:21 UTC
CWG,,19.25,2026-10-07 16:21 UTC
DAARCOMM,,1.45,2026-10-07 16:21 UTC
DANGCEM,,1066.70,2026-10-07 16:21 UTC
DANGSUGAR,,68.50,2026-10-07 16:21 UTC
EKOCORP,,5.80,2026-10-07 16:21 UTC
ELLAHLAKES,,7.90,2026-10-07 16:21 UTC
ENAMELWA,,40.70,2026-10-07 16:21 UTC
ETERNA,,46.00,2026-10-07 16:21 UTC
ETI,,67.00,2026-10-07 16:21 UTC
ETRANZACT,,11.00,2026-10-07 16:21 UTC
EUNISELL,,189.00,2026-10-07 16:21 UTC
FCMB,,11.00,2026-10-07 16:21 UTC
FIDELITYBK,,24.20,2026-10-07 16:21 UTC
FIDSON,,82.00,2026-10-07 16:21 UTC
FIRSTHOLDCO,,142.50,2026-10-07 16:21 UTC
FTGINSURE,,1.79,2026-10-07 16:21 UTC
FTNCOCOA,,8.22,2026-10-07 16:21 UTC
GEREGU,,825.70,2026-10-07 16:21 UTC
GOLDBREW,,7.10,2026-10-07 16:21 UTC
GTCO,,131.50,2026-10-07 16:21 UTC
GUINEAINS,,0.78,2026-10-07 16:21 UTC
GUINNESS,,384.80,2026-10-07 16:21 UTC
HBMNG,,355.00,2026-10-07 16:21 UTC
HMCALL,,3.41,2026-10-07 16:21 UTC
HONYFLOUR,,17.00,2026-10-07 16:21 UTC
IKEJAHOTEL,,44.50,2026-10-07 16:21 UTC
IMG,,28.00,2026-10-07 16:21 UTC
INFINITY,,11.25,2026-10-07 16:21 UTC
INTBREW,,9.85,2026-10-07 16:21 UTC
INTENEGINS,,2.20,2026-10-07 16:21 UTC
JAIZBANK,,8.05,2026-10-07 16:21 UTC
JAPAULGOLD,,2.61,2026-10-07 16:21 UTC
JBERGER,,310.80,2026-10-07 16:21 UTC
JOHNHOLT,,8.75,2026-10-07 16:21 UTC
JULI,,6.55,2026-10-07 16:21 UTC
LASACO,,1.80,2026-10-07 16:21 UTC
LEARNAFRCA,,8.40,2026-10-07 16:21 UTC
LEGENDINT,,3.65,2026-10-07 16:21 UTC
LINKASSURE,,1.65,2026-10-07 16:21 UTC
LIVESTOCK,,11.00,2026-10-07 16:21 UTC
LIVINGTRUST,,3.20,2026-10-07 16:21 UTC
MANSARD,,11.05,2026-10-07 16:21 UTC
MAYBAKER,,39.20,2026-10-07 16:21 UTC
MBENEFIT,,3.10,2026-10-07 16:21 UTC
MCNICHOLS,,4.90,2026-10-07 16:21 UTC
MECURE,,56.20,2026-10-07 16:21 UTC
MEYER,,15.95,2026-10-07 16:21 UTC
MOFIREIF,,100.00,2026-10-07 16:21 UTC
MORISON,,10.40,2026-10-07 16:21 UTC
MTNN,,848.00,2026-10-07 16:21 UTC
MULTITREX,,0.39,2026-10-07 16:21 UTC
MULTIVERSE,,19.20,2026-10-07 16:21 UTC
NAHCO,,150.00,2026-10-07 16:21 UTC
NASCON,,188.90,2026-10-07 16:21 UTC
NB,,74.00,2026-10-07 16:21 UTC
NCR,,161.20,2026-10-07 16:21 UTC
NEIMETH,,7.25,2026-10-07 16:21 UTC
NEM,,28.70,2026-10-07 16:21 UTC
NESTLE,,2750.00,2026-10-07 16:21 UTC
NGXGROUP,,166.90,2026-10-07 16:21 UTC
NIDF,,147.70,2026-10-07 16:21 UTC
NNFM,,79.40,2026-10-07 16:21 UTC
NPFMCRFBK,,4.60,2026-10-07 16:21 UTC
NREIT,,113.00,2026-10-07 16:21 UTC
NSLTECH,,0.73,2026-10-07 16:21 UTC
OANDO,,33.00,2026-10-07 16:21 UTC
OKOMUOIL,,1276.20,2026-10-07 16:21 UTC
OMATEK,,1.41,2026-10-07 16:21 UTC
PHARMDEKO,,1.83,2026-10-07 16:21 UTC
PREMPAINTS,,30.40,2026-10-07 16:21 UTC
PRESCO,,2045.30,2026-10-07 16:21 UTC
PRESTIGE,,1.36,2026-10-07 16:21 UTC
PZ,,69.00,2026-10-07 16:21 UTC
REDSTAREX,,14.85,2026-10-07 16:21 UTC
REGALINS,,0.74,2026-10-07 16:21 UTC
RONCHESS,,81.00,2026-10-07 16:21 UTC
ROYALEX,,1.08,2026-10-07 16:21 UTC
RTBRISCOE,,10.00,2026-10-07 16:21 UTC
SCOA,,33.05,2026-10-07 16:21 UTC
SEPLAT,,16000.10,2026-10-07 16:21 UTC
SFSREIT,,418.75,2026-10-07 16:21 UTC
SKYAVN,,171.20,2026-10-07 16:21 UTC
SOVRENINS,,2.31,2026-10-07 16:21 UTC
STANBIC,,163.90,2026-10-07 16:21 UTC
STERLINGNG,,7.70,2026-10-07 16:21 UTC
SUNUASSUR,,3.25,2026-10-07 16:21 UTC
TANTALIZER,,3.85,2026-10-07 16:21 UTC
THOMASWY,,2.41,2026-10-07 16:21 UTC
TIP,,25.60,2026-10-07 16:21 UTC
TOTAL,,518.40,2026-10-07 16:21 UTC
TRANSCOHOT,,290.50,2026-10-07 16:21 UTC
TRANSCORP,,36.50,2026-10-07 16:21 UTC
TRANSEXPR,,2.97,2026-10-07 16:21 UTC
TRANSPOWER,,178.00,2026-10-07 16:21 UTC
TRIPPLEG,,3.09,2026-10-07 16:21 UTC
UACN,,181.00,2026-10-07 16:21 UTC
UBA,,44.50,2026-10-07 16:21 UTC
UCAP,,17.20,2026-10-07 16:21 UTC
UHOMREIT,,70.00,2026-10-07 16:21 UTC
UNILEVER,,100.00,2026-10-07 16:21 UTC
UNIONDICON,,23.75,2026-10-07 16:21 UTC
UNITYBNK,,1.51,2026-10-07 16:21 UTC
UNIVINSURE,,0.77,2026-10-07 16:21 UTC
UPDC,,4.25,2026-10-07 16:21 UTC
UPDCREIT,,22.20,2026-10-07 16:21 UTC
UPL,,5.15,2026-10-07 16:21 UTC
VERITASKAP,,1.08,2026-10-07 16:21 UTC
VFDGROUP,,13.50,2026-10-07 16:21 UTC
VITAFOAM,,194.00,2026-10-07 16:21 UTC
WAPIC,,2.60,2026-10-07 16:21 UTC
WEMABANK,,30.55,2026-10-07 16:21 UTC
ZENITHBANK,,135.80,2026-10-07 16:21 UTC
ZICHIS,,17.05,2026-10-07 16:21 UTC
