ticker,2026-09-22,2026-09-23,2026-09-24,2026-09-25,2026-09-28,2026-09-29,2026-09-30,2026-10-01,2026-10-02
ABBEYBANK,7.00,7.00,7.00,6.95,6.95,6.95,7.00,7.00,7.00
ABCTRANS,4.50,4.40,4.65,5.10,5.60,6.15,6.75,6.75,7.40
ACADEMY,5.10,5.10,5.10,5.10,5.10,5.10,5.10,5.10,5.10
ACCESSCORP,30.15,30.50,30.50,31.55,31.85,31.15,30.45,30.40,30.50
AFRINSURE,0.20,0.20,0.20,0.20,0.20,0.20,0.20,0.20,0.20
AFRIPRUD,10.45,10.10,10.50,10.55,10.55,10.95,10.95,10.95,10.95
AFROMEDIA,0.24,0.24,0.24,0.24,0.24,0.24,0.24,0.24,0.24
AIICO,3.75,3.94,3.82,3.90,3.80,3.93,3.80,3.80,4.18
AIRTELAFRI,6300.00,6300.00,6300.00,6300.00,6300.00,6300.00,6300.00,6300.00,6300.00
ALEX,9.90,9.90,9.90,9.90,9.90,9.90,9.90,9.90,9.90
ARADEL,1530.00,1530.00,1530.00,1530.00,1530.00,1530.00,1530.00,1530.00,1530.00
AUSTINLAZ,2.20,2.20,2.30,2.20,2.29,2.20,2.20,2.20,2.20
AVACAP,5.05,5.15,5.20,5.50,5.25,5.25,5.65,5.65,5.60
AVAIF,1000000.00,1000000.00,1000000.00,1000000.00,1000000.00,1000000.00,1000000.00,1000000.00,1000000.00
BAPLC,6.25,6.25,6.25,6.25,6.25,6.25,6.25,6.25,6.25
BERGER,147.60,147.60,147.60,147.60,147.60,147.60,147.60,147.60,147.60
BETAGLAS,511.50,511.50,511.50,511.50,511.50,511.50,511.50,511.50,511.50
BUACEMENT,297.00,297.00,297.00,297.00,297.00,287.80,297.00,297.00,297.00
BUAFOODS,760.60,760.60,760.60,760.60,760.60,760.60,760.60,760.60,760.60
CADBURY,60.10,60.10,60.10,59.50,59.50,59.50,59.50,59.50,59.50
CAP,102.00,102.00,102.00,100.00,100.00,100.00,100.00,100.00,100.00
CAVERTON,4.40,4.00,4.35,4.00,4.00,4.00,4.05,4.05,4.05
CHAMPION,10.00,10.00,9.70,9.65,9.65,9.90,9.90,9.90,10.00
CHAMS,3.49,3.41,3.35,3.48,3.39,3.31,3.19,3.19,3.20
CHELLARAM,9.70,9.70,9.70,9.70,9.70,9.70,9.70,9.70,9.70
CILEASING,5.70,5.50,5.50,5.50,5.50,5.50,5.50,5.50,5.50
CMFC,2.46,2.70,2.97,3.26,3.58,3.93,4.32,4.32,4.02
CNIF,154.30,154.30,154.30,154.30,154.30,154.30,154.30,154.30,154.30
CONHALLPLC,7.15,7.15,7.45,7.40,7.50,7.50,7.12,7.12,7.44
CONOIL,210.00,210.00,210.00,210.00,210.00,210.00,210.00,210.00,210.00
CORNERST,4.95,5.20,5.20,5.10,5.10,4.95,5.60,5.60,5.25
CUSTODIAN,70.00,70.00,70.00,70.00,70.00,70.00,70.00,70.00,70.00
CUTIX,2.29,2.39,2.38,2.46,2.40,2.30,2.30,2.30,2.29
CWG,18.15,18.00,18.00,18.00,19.40,20.75,20.75,20.75,20.75
DAARCOMM,1.33,1.38,1.42,1.44,1.50,1.52,1.50,1.50,1.44
DANGCEM,1068.00,1066.70,1066.70,1066.70,1066.70,1066.70,1066.70,1066.70,1066.70
DANGSUGAR,71.50,71.00,71.00,71.00,70.00,69.00,68.00,68.00,68.00
EKOCORP,5.80,5.80,5.80,5.80,5.80,5.80,5.80,5.80,5.80
ELLAHLAKES,8.05,8.45,8.00,8.25,8.10,8.60,8.30,8.30,8.20
ENAMELWA,40.70,40.70,40.70,40.70,40.70,40.70,40.70,40.70,40.70
ETERNA,35.00,38.50,39.00,39.00,42.75,44.00,44.00,44.00,44.00
ETI,66.50,66.50,66.00,69.00,70.00,68.00,68.00,68.00,69.90
ETRANZACT,12.60,12.50,12.50,12.50,12.35,12.20,12.20,12.20,11.00
EUNISELL,189.00,189.00,189.00,189.00,189.00,189.00,189.00,189.00,189.00
FCMB,11.10,11.10,11.10,11.15,11.45,11.45,11.45,11.45,11.10
FIDELITYBK,20.10,20.10,20.85,21.60,23.00,23.05,22.55,21.65,23.50
FIDSON,80.00,80.00,84.20,84.05,85.00,85.00,85.00,85.00,85.00
FIRSTHOLDCO,162.80,165.00,165.00,156.60,159.90,159.90,159.90,159.90,150.05
FTGINSURE,1.95,2.00,2.00,2.00,1.81,1.87,1.81,1.81,1.81
FTNCOCOA,8.00,8.10,8.00,8.29,8.00,8.30,8.30,8.30,7.63
GEREGU,825.70,825.70,825.70,825.70,825.70,825.70,825.70,825.70,825.70
GOLDBREW,7.10,7.10,7.10,7.10,7.10,7.10,7.10,7.10,7.10
GTCO,137.30,137.50,137.00,137.00,137.00,132.50,132.00,132.00,132.50
GUINEAINS,0.70,0.75,0.73,0.75,0.75,0.75,0.70,0.70,0.72
GUINNESS,384.80,384.80,384.80,384.80,384.80,384.80,384.80,384.80,384.80
HBMNG,361.50,359.60,359.60,360.50,360.50,360.50,355.00,355.00,355.00
HMCALL,2.99,3.28,3.28,3.00,3.00,3.10,3.41,3.41,3.41
HONYFLOUR,15.65,16.85,16.85,16.85,17.10,17.75,18.00,18.00,17.35
IKEJAHOTEL,44.50,44.50,44.50,44.50,44.50,44.50,44.50,44.50,44.50
IMG,27.65,28.00,28.00,28.00,28.00,28.00,28.00,28.00,28.00
INFINITY,11.25,11.25,11.25,11.25,11.25,11.25,11.25,11.25,11.25
INTBREW,9.65,9.75,9.90,10.10,10.10,9.55,9.55,9.55,10.00
INTENEGINS,2.24,2.30,2.26,2.38,2.28,2.29,2.25,2.25,2.25
JAIZBANK,7.85,8.00,8.20,8.00,8.00,7.90,8.10,8.10,8.20
JAPAULGOLD,2.56,2.60,2.59,2.65,2.76,2.88,2.90,2.90,2.83
JBERGER,310.80,310.80,310.80,310.80,310.80,310.80,310.80,310.80,310.80
JOHNHOLT,7.30,8.00,8.00,7.75,7.75,8.50,8.50,8.50,8.75
JULI,6.55,6.55,6.55,6.55,6.55,6.55,6.55,6.55,6.55
LASACO,1.80,1.80,1.72,1.74,1.77,1.77,1.77,1.77,1.77
LEARNAFRCA,8.60,8.60,8.60,8.60,8.60,8.50,7.65,7.65,7.65
LEGENDINT,3.40,3.60,3.85,3.50,3.35,3.65,3.65,3.65,3.65
LINKASSURE,1.65,1.63,1.75,1.70,1.70,1.70,1.70,1.70,1.63
LIVESTOCK,7.80,8.15,8.15,8.15,8.10,8.10,8.10,8.10,8.90
LIVINGTRUST,2.60,2.60,2.60,2.60,2.60,2.86,3.14,3.14,3.45
MANSARD,11.20,11.50,11.50,11.35,11.70,11.50,11.00,11.00,11.40
MAYBAKER,39.00,41.30,41.30,41.30,41.30,39.20,39.20,39.20,39.20
MBENEFIT,3.50,3.44,3.28,3.31,3.20,3.11,3.13,3.13,3.15
MCNICHOLS,5.05,5.05,5.05,5.05,5.05,5.00,5.05,5.05,5.15
MECURE,56.20,56.20,56.20,56.20,56.20,56.20,56.20,56.20,56.20
MEYER,15.95,15.95,15.95,15.95,15.95,15.95,15.95,15.95,15.95
MOFIREIF,100.00,100.00,100.00,100.00,100.00,100.00,100.00,100.00,100.00
MORISON,10.40,10.40,10.40,10.40,10.40,10.40,10.40,10.40,10.40
MTNN,850.00,855.00,855.00,863.00,863.00,863.00,837.00,837.00,840.00
MULTITREX,0.36,0.36,0.36,0.36,0.36,0.36,0.36,0.36,0.36
MULTIVERSE,19.20,19.20,19.20,19.20,19.20,19.20,19.20,19.20,19.20
NAHCO,130.00,140.00,152.00,152.00,152.00,150.00,150.00,150.00,150.00
NASCON,176.00,183.40,188.50,188.50,188.50,188.50,188.90,188.90,188.90
NB,77.90,77.90,77.00,76.00,76.00,76.00,76.00,76.00,74.70
NCR,161.20,161.20,161.20,161.20,161.20,161.20,161.20,161.20,161.20
NEIMETH,7.95,8.30,7.70,7.85,8.30,7.80,7.70,7.70,7.45
NEM,28.70,28.70,28.70,28.70,28.70,28.70,28.70,28.70,28.70
NESTLE,2900.00,2900.00,2900.00,2900.00,2900.00,2900.00,2900.00,2900.00,2900.00
NGXGROUP,185.00,185.00,185.00,185.00,183.50,181.00,181.00,181.00,168.60
NIDF,147.70,147.70,147.70,147.70,147.70,147.70,147.70,147.70,147.70
NNFM,79.40,79.40,79.40,79.40,79.40,79.40,79.40,79.40,79.40
NPFMCRFBK,4.15,4.05,4.05,4.10,4.00,4.40,4.40,4.40,4.40
NREIT,113.00,113.00,113.00,113.00,113.00,113.00,113.00,113.00,113.00
NSLTECH,0.74,0.74,0.72,0.69,0.73,0.70,0.69,0.69,0.71
OANDO,36.00,36.15,35.80,35.50,34.85,34.50,35.00,35.00,35.00
OKOMUOIL,1276.20,1276.20,1276.20,1276.20,1276.20,1276.20,1276.20,1276.20,1276.20
OMATEK,1.35,1.48,1.54,1.48,1.41,1.44,1.45,1.45,1.45
PHARMDEKO,1.83,1.83,1.83,1.83,1.83,1.83,1.83,1.83,1.83
PREMPAINTS,30.40,30.40,30.40,30.40,30.40,30.40,30.40,30.40,30.40
PRESCO,2045.30,2045.30,2045.30,2045.30,2045.30,2045.30,2045.30,2045.30,2045.30
PRESTIGE,1.37,1.38,1.38,1.38,1.38,1.36,1.38,1.38,1.38
PZ,74.50,73.80,73.80,73.80,73.80,73.70,73.70,73.70,66.40
REDSTAREX,14.75,14.75,14.75,14.75,14.75,14.75,15.80,15.80,14.85
REGALINS,0.70,0.71,0.72,0.71,0.72,0.72,0.70,0.70,0.70
RONCHESS,81.00,81.00,81.00,81.00,81.00,81.00,81.00,81.00,81.00
ROYALEX,0.96,0.99,0.99,1.08,1.08,1.05,1.15,1.15,1.06
RTBRISCOE,8.90,8.90,9.75,10.70,10.05,10.05,9.95,10.00,10.00
SCOA,33.05,33.05,33.05,33.05,33.05,33.05,33.05,33.05,33.05
SEPLAT,14907.80,14907.80,16000.00,16000.10,16000.10,16000.10,16000.10,16000.10,16000.10
SFSREIT,418.75,418.75,418.75,418.75,418.75,418.75,418.75,418.75,418.75
SKYAVN,171.20,171.20,171.20,171.20,171.20,171.20,171.20,171.20,171.20
SOVRENINS,2.21,2.40,2.50,2.40,2.62,2.39,2.20,2.20,2.10
STANBIC,163.85,164.00,164.00,164.00,164.00,164.00,163.00,163.00,163.00
STERLINGNG,7.70,7.70,7.70,7.70,7.70,7.70,7.70,7.70,7.70
SUNUASSUR,3.08,3.08,3.00,3.00,3.08,3.08,3.08,3.08,3.08
TANTALIZER,3.98,3.89,3.90,3.97,3.98,3.92,3.90,3.90,3.90
THOMASWY,2.53,2.78,2.88,2.95,2.97,2.96,2.67,2.67,2.67
TIP,25.55,26.00,26.90,26.90,26.25,26.80,27.20,27.20,27.10
TOTAL,576.00,576.00,576.00,518.40,518.40,518.40,518.40,518.40,518.40
TRANSCOHOT,265.50,265.50,265.50,265.50,265.50,290.50,290.50,290.50,290.50
TRANSCORP,37.00,37.00,37.10,37.00,37.00,37.00,37.00,37.00,36.50
TRANSEXPR,2.80,3.00,3.00,2.95,2.70,2.70,2.70,2.70,2.97
TRANSPOWER,178.00,178.00,178.00,178.00,178.00,178.00,178.00,178.00,178.00
TRIPPLEG,2.30,2.30,2.30,2.33,2.33,2.33,2.33,2.33,2.33
UACN,172.00,172.00,172.00,175.40,181.00,181.00,181.00,181.00,181.00
UBA,46.00,46.00,45.55,45.20,45.60,46.00,45.50,45.45,45.30
UCAP,18.00,17.10,17.10,17.05,17.20,17.10,17.00,17.00,17.10
UHOMREIT,70.00,70.00,70.00,70.00,70.00,70.00,70.00,70.00,70.00
UNILEVER,109.95,109.95,109.95,109.95,109.90,100.50,104.90,104.90,103.50
UNIONDICON,23.75,23.75,23.75,23.75,23.75,23.75,23.75,23.75,23.75
UNITYBNK,1.51,1.51,1.51,1.51,1.51,1.51,1.51,1.51,1.51
UNIVINSURE,0.77,0.77,0.77,0.77,0.77,0.77,0.77,0.77,0.77
UPDC,3.55,3.60,3.60,3.85,3.90,3.80,3.75,3.75,3.95
UPDCREIT,18.55,18.55,18.60,18.75,19.95,19.95,20.65,20.65,20.65
UPL,5.00,4.55,4.55,4.55,5.00,4.70,4.70,4.70,5.15
VERITASKAP,1.10,1.04,1.08,1.11,1.11,1.11,1.11,1.11,1.11
VFDGROUP,11.50,11.50,11.30,11.40,12.00,13.40,14.50,14.50,13.50
VITAFOAM,194.00,194.00,194.00,194.00,194.00,194.00,194.00,194.00,194.00
WAPIC,2.38,2.23,2.20,2.32,2.18,2.43,2.36,2.36,2.36
WEMABANK,32.00,31.80,30.55,30.75,30.10,31.00,31.50,31.50,31.35
ZENITHBANK,132.00,135.00,134.20,134.90,134.90,134.40,134.00,134.00,134.50
ZICHIS,15.70,16.28,16.00,17.60,19.18,19.90,19.90,19.90,18.25
